binary	scenario	network	path_profile	adapter_features	congestion_controller	publication_status	metric	selected_threads	best_threads	boundary_threads	discovery_p50	confirm_p50	combined_p50	combined_p50_ci95_low	combined_p50_ci95_high	combined_p50_ci95_relative_width	p90	p99	p99_status	selection_probability_within_tolerance	selected_vs_best_ratio	edge_status	reason
lsperf	connect	iouring	loopback	cc=cubic|pacing=on|spin=on|ql_bits=2|ecn=off|pmtud=off|send_batch=50|udp_gso=common_cpp|udp_gro=on	cubic	not_ready	connections_per_second	1	1		1135.399877		1135.399877	1107.960358	1153.732570	0.040314	974.024791	880.939505	insufficient_order_stat_support	1.000000	1.000000	not_ready	no_incremental_plateau;t2:block_median_ratio_1.1691_gt_1.1000;persistent_block_median_ratio_recent_1.1381_gt_1.1000;t1:missing_confirm_stats
lsperf	connect	syscall	loopback	cc=cubic|pacing=on|spin=on|ql_bits=2|ecn=off|pmtud=off|send_batch=50|udp_gso=common_cpp|udp_gro=on	cubic	not_ready	connections_per_second	1	1		1005.385852		1005.385852	996.943372	1016.832648	0.019783	926.623593	850.402596	insufficient_order_stat_support	1.000000	1.000000	not_ready	no_incremental_plateau;t2:p50_ci_width_0.0882_gt_0.0500;p80_p20_1.1507_gt_1.1500;block_median_ratio_1.1446_gt_1.1000;drift_0.1031_gt_0.0300;severe_drift_0.1031_gt_0.0800;t1:missing_confirm_stats
lsperf	download	iouring	loopback	cc=cubic|pacing=on|spin=on|ql_bits=2|ecn=off|pmtud=off|send_batch=50|udp_gso=common_cpp|udp_gro=on	cubic	not_ready	throughput_gbps	1	1	2	10.612284	10.633135	10.626183	10.584609	10.763816	0.016865	10.505850	10.448490	insufficient_order_stat_support	1.000000	1.000000	ok	incremental_improvement_-54.48pct_le_1.00pct;t2:confirm_p50_ci_width_0.0541_gt_0.0450;confirm_median_delta_0.1967_gt_0.0450;combined_not_ready_nonstationary;p50_ci_width_0.0464_gt_0.0300;block_median_ratio_1.2190_gt_1.1000
lsperf	download	syscall	loopback	cc=cubic|pacing=on|spin=on|ql_bits=2|ecn=off|pmtud=off|send_batch=50|udp_gso=common_cpp|udp_gro=on	cubic	not_ready	throughput_gbps													0.000000	0.000000	not_ready	no_ready_rows;t1:block_median_ratio_1.1205_gt_1.1000;persistent_block_median_ratio_recent_1.1008_gt_1.1000
lsperf	upload	iouring	loopback	cc=cubic|pacing=on|spin=on|ql_bits=2|ecn=off|pmtud=off|send_batch=50|udp_gso=common_cpp|udp_gro=on	cubic	not_ready	throughput_gbps	2	2		12.605546		12.605546	12.515715	12.743145	0.018042	12.462775	12.213998	insufficient_order_stat_support	1.000000	1.000000	not_ready	no_incremental_plateau;t3:p50_ci_width_0.0395_gt_0.0300;drift_0.0404_gt_0.0300;persistent_drift_0.0404_gt_0.0300;t1:missing_confirm_stats;t2:missing_confirm_stats
lsperf	upload	syscall	loopback	cc=cubic|pacing=on|spin=on|ql_bits=2|ecn=off|pmtud=off|send_batch=50|udp_gso=common_cpp|udp_gro=on	cubic	not_ready	throughput_gbps													0.000000	0.000000	not_ready	no_ready_rows;t1:p50_ci_width_0.1060_gt_0.0300;p80_p20_1.1506_gt_1.1500;block_median_ratio_1.1458_gt_1.1000;drift_0.0896_gt_0.0300;severe_drift_0.0896_gt_0.0800
mvfstperf	connect	iouring	loopback	cc=cubic|cpp_networkhub=on|socket=quic_async_udp_adapter|folly_eventbase=manual|udp_gso=common_cpp|udp_gro=on|runtime=none|pmtud=off|pacing=on	cubic	not_ready	connections_per_second													0.000000	0.000000	not_ready	no_ready_rows;t1:p50_ci_width_0.0508_gt_0.0500;block_median_ratio_1.1362_gt_1.1000;drift_-0.0357_gt_0.0300;persistent_drift_-0.0357_gt_0.0300
mvfstperf	connect	syscall	loopback	cc=cubic|cpp_networkhub=on|socket=quic_async_udp_adapter|folly_eventbase=manual|udp_gso=common_cpp|udp_gro=on|runtime=none|pmtud=off|pacing=on	cubic	not_ready	connections_per_second													0.000000	0.000000	not_ready	no_ready_rows;t1:p50_ci_width_0.1489_gt_0.0500;block_median_ratio_1.2938_gt_1.1000;drift_0.0485_gt_0.0300;severe_block_median_ratio_1.2938_gt_1.2500
mvfstperf	download	iouring	loopback	cc=cubic|cpp_networkhub=on|socket=quic_async_udp_adapter|folly_eventbase=manual|udp_gso=common_cpp|udp_gro=on|runtime=none|pmtud=off|pacing=on	cubic	not_ready	throughput_gbps													0.000000	0.000000	not_ready	no_ready_rows;t1:p50_ci_width_0.0321_gt_0.0300;block_median_ratio_1.1099_gt_1.1000;drift_-0.0349_gt_0.0300;persistent_drift_-0.0349_gt_0.0300
mvfstperf	download	syscall	loopback	cc=cubic|cpp_networkhub=on|socket=quic_async_udp_adapter|folly_eventbase=manual|udp_gso=common_cpp|udp_gro=on|runtime=none|pmtud=off|pacing=on	cubic	not_ready	throughput_gbps													0.000000	0.000000	not_ready	no_ready_rows;t1:drift_-0.0406_gt_0.0300;persistent_drift_-0.0406_gt_0.0300
mvfstperf	upload	iouring	loopback	cc=cubic|cpp_networkhub=on|socket=quic_async_udp_adapter|folly_eventbase=manual|udp_gso=common_cpp|udp_gro=on|runtime=none|pmtud=off|pacing=on	cubic	not_ready	throughput_gbps													0.000000	0.000000	not_ready	no_ready_rows;t1:p50_ci_width_0.0858_gt_0.0300;block_median_ratio_1.1614_gt_1.1000;persistent_block_median_ratio_recent_1.1186_gt_1.1000
mvfstperf	upload	syscall	loopback	cc=cubic|cpp_networkhub=on|socket=quic_async_udp_adapter|folly_eventbase=manual|udp_gso=common_cpp|udp_gro=on|runtime=none|pmtud=off|pacing=on	cubic	not_ready	throughput_gbps													0.000000	0.000000	not_ready	no_ready_rows;t1:p50_ci_width_0.0445_gt_0.0300;drift_-0.0446_gt_0.0300;persistent_drift_-0.0446_gt_0.0300
neqoperf	connect	iouring	loopback	cc=cubic|sans_io=neqo-transport|cpp_networkhub=on|runtime=none|tls_verify=config_chain_preflight|udp_gso=common_cpp|udp_gro=on	cubic	not_ready	connections_per_second													0.000000	0.000000	not_ready	no_ready_rows;t1:block_median_ratio_1.2064_gt_1.1000;persistent_block_median_ratio_recent_1.1172_gt_1.1000
neqoperf	connect	syscall	loopback	cc=cubic|sans_io=neqo-transport|cpp_networkhub=on|runtime=none|tls_verify=config_chain_preflight|udp_gso=common_cpp|udp_gro=on	cubic	not_ready	connections_per_second													0.000000	0.000000	not_ready	no_ready_rows;t1:p50_ci_width_0.0527_gt_0.0500;drift_0.0431_gt_0.0300;persistent_drift_0.0431_gt_0.0300
neqoperf	download	iouring	loopback	cc=cubic|sans_io=neqo-transport|cpp_networkhub=on|runtime=none|tls_verify=config_chain_preflight|udp_gso=common_cpp|udp_gro=on	cubic	not_ready	throughput_gbps													0.000000	0.000000	not_ready	no_ready_rows;t1:p50_ci_width_0.0561_gt_0.0300;p80_p20_1.2057_gt_1.1500;drift_0.0340_gt_0.0300;persistent_p80_p20_recent_1.1544_gt_1.1500;persistent_drift_0.0340_gt_0.0300
neqoperf	download	syscall	loopback	cc=cubic|sans_io=neqo-transport|cpp_networkhub=on|runtime=none|tls_verify=config_chain_preflight|udp_gso=common_cpp|udp_gro=on	cubic	not_ready	throughput_gbps	1	1	2	4.536032	4.675617	4.546988	4.469679	4.642426	0.037992	4.412087	4.324830	insufficient_order_stat_support	1.000000	1.000000	ok	incremental_improvement_-8.83pct_le_1.00pct;t1:combined_warning_noisy;p50_ci_width_0.0380_gt_0.0300
neqoperf	upload	iouring	loopback	cc=cubic|sans_io=neqo-transport|cpp_networkhub=on|runtime=none|tls_verify=config_chain_preflight|udp_gso=common_cpp|udp_gro=on	cubic	not_ready	throughput_gbps													0.000000	0.000000	not_ready	no_ready_rows;t1:p50_ci_width_0.0723_gt_0.0300;p80_p20_1.2038_gt_1.1500;block_median_ratio_1.1756_gt_1.1000;persistent_block_median_ratio_recent_1.1756_gt_1.1000;persistent_p80_p20_recent_1.1898_gt_1.1500
neqoperf	upload	syscall	loopback	cc=cubic|sans_io=neqo-transport|cpp_networkhub=on|runtime=none|tls_verify=config_chain_preflight|udp_gso=common_cpp|udp_gro=on	cubic	not_ready	throughput_gbps													0.000000	0.000000	not_ready	no_ready_rows;t1:block_median_ratio_1.1244_gt_1.1000
ngtcp2perf	connect	iouring	loopback	cc=cubic|udp_payload_shaping=off|pmtud=off|max_tx_payload=1452|udp_gso=common_cpp|udp_gro=on	cubic	not_ready	connections_per_second	1	1		1782.619987		1782.619987	1705.995262	1795.103664	0.049987	1630.802616	1466.466228	insufficient_order_stat_support	1.000000	1.000000	not_ready	no_incremental_plateau;t2:p50_ci_width_0.2121_gt_0.0500;p80_p20_1.2911_gt_1.1500;block_median_ratio_1.3059_gt_1.1000;drift_-0.1078_gt_0.0300;severe_block_median_ratio_1.3059_gt_1.2500;severe_drift_-0.1078_gt_0.0800;t1:missing_confirm_stats
ngtcp2perf	connect	syscall	loopback	cc=cubic|udp_payload_shaping=off|pmtud=off|max_tx_payload=1452|udp_gso=common_cpp|udp_gro=on	cubic	not_ready	connections_per_second	1	1		1174.662989		1174.662989	1149.626811	1193.763303	0.037574	1035.828458	964.416622	insufficient_order_stat_support	1.000000	1.000000	not_ready	no_incremental_plateau;t2:p50_ci_width_0.1304_gt_0.0500;p80_p20_1.2225_gt_1.1500;block_median_ratio_1.3551_gt_1.1000;drift_-0.0463_gt_0.0300;severe_block_median_ratio_1.3551_gt_1.2500;t1:missing_confirm_stats
ngtcp2perf	download	iouring	loopback	cc=cubic|udp_payload_shaping=off|pmtud=off|max_tx_payload=1452|udp_gso=common_cpp|udp_gro=on	cubic	not_ready	throughput_gbps	1	1		15.904729		15.904729	15.734272	16.066255	0.020873	15.330693	15.140388	insufficient_order_stat_support	1.000000	1.000000	not_ready	no_incremental_plateau;t2:p50_ci_width_0.0440_gt_0.0300;drift_-0.0534_gt_0.0300;persistent_drift_-0.0534_gt_0.0300;t1:missing_confirm_stats
ngtcp2perf	download	syscall	loopback	cc=cubic|udp_payload_shaping=off|pmtud=off|max_tx_payload=1452|udp_gso=common_cpp|udp_gro=on	cubic	not_ready	throughput_gbps													0.000000	0.000000	not_ready	no_ready_rows;t1:p50_ci_width_0.1531_gt_0.0300;p80_p20_1.1752_gt_1.1500;block_median_ratio_1.2060_gt_1.1000;drift_-0.1187_gt_0.0300;severe_drift_-0.1187_gt_0.0800
ngtcp2perf	upload	iouring	loopback	cc=cubic|udp_payload_shaping=off|pmtud=off|max_tx_payload=1452|udp_gso=common_cpp|udp_gro=on	cubic	not_ready	throughput_gbps	1	1		16.112755		16.112755	15.891716	16.357962	0.028936	15.614684	15.261945	insufficient_order_stat_support	1.000000	1.000000	not_ready	no_incremental_plateau;t2:p50_ci_width_0.0331_gt_0.0300;block_median_ratio_1.1216_gt_1.1000;persistent_block_median_ratio_recent_1.1216_gt_1.1000;t1:missing_confirm_stats
ngtcp2perf	upload	syscall	loopback	cc=cubic|udp_payload_shaping=off|pmtud=off|max_tx_payload=1452|udp_gso=common_cpp|udp_gro=on	cubic	not_ready	throughput_gbps	1	1		18.033725		18.033725	17.730832	18.225254	0.027417	16.756941	16.336982	insufficient_order_stat_support	1.000000	1.000000	not_ready	no_incremental_plateau;t2:p50_ci_width_0.0365_gt_0.0300;drift_-0.0402_gt_0.0300;persistent_drift_-0.0402_gt_0.0300;t1:missing_confirm_stats
noqperf	connect	iouring	loopback	cc=cubic|sans_io=noq-proto|cpp_networkhub=on|udp_gso=common_cpp|udp_gro=on|runtime=none	cubic	not_ready	connections_per_second													0.000000	0.000000	not_ready	no_ready_rows;t1:p50_ci_width_0.1163_gt_0.0500;p80_p20_1.1865_gt_1.1500;block_median_ratio_1.3095_gt_1.1000;drift_-0.0553_gt_0.0300;severe_block_median_ratio_1.3095_gt_1.2500
noqperf	connect	syscall	loopback	cc=cubic|sans_io=noq-proto|cpp_networkhub=on|udp_gso=common_cpp|udp_gro=on|runtime=none	cubic	not_ready	connections_per_second													0.000000	0.000000	not_ready	no_ready_rows;t1:p50_ci_width_0.1605_gt_0.0500;p80_p20_1.2083_gt_1.1500;block_median_ratio_1.2532_gt_1.1000;severe_block_median_ratio_1.2532_gt_1.2500
noqperf	download	iouring	loopback	cc=cubic|sans_io=noq-proto|cpp_networkhub=on|udp_gso=common_cpp|udp_gro=on|runtime=none	cubic	ready	throughput_gbps	2	2	3	5.563550	5.630323	5.582740	5.543140	5.648827	0.018931	5.510161	5.463536	insufficient_order_stat_support	1.000000	1.000000	ok	incremental_improvement_-5.00pct_le_1.00pct
noqperf	download	syscall	loopback	cc=cubic|sans_io=noq-proto|cpp_networkhub=on|udp_gso=common_cpp|udp_gro=on|runtime=none	cubic	ready	throughput_gbps	2	2	3	5.743389	5.770786	5.760486	5.698542	5.829964	0.022814	5.661580	5.618218	insufficient_order_stat_support	1.000000	1.000000	ok	incremental_improvement_-4.15pct_le_1.00pct
noqperf	upload	iouring	loopback	cc=cubic|sans_io=noq-proto|cpp_networkhub=on|udp_gso=common_cpp|udp_gro=on|runtime=none	cubic	not_ready	throughput_gbps	1	1	2	3.456276	3.459493	3.456276	3.397937	3.487490	0.025910	3.344372	3.251046	insufficient_order_stat_support	1.000000	1.000000	ok	incremental_improvement_-9.85pct_le_1.00pct;t2:combined_warning_noisy;p50_ci_width_0.0402_gt_0.0300
noqperf	upload	syscall	loopback	cc=cubic|sans_io=noq-proto|cpp_networkhub=on|udp_gso=common_cpp|udp_gro=on|runtime=none	cubic	not_ready	throughput_gbps	1	1	2	3.250040	3.300532	3.274617	3.237119	3.309617	0.022140	3.191692	3.147947	insufficient_order_stat_support	1.000000	1.000000	ok	incremental_improvement_-9.44pct_le_1.00pct;t2:confirm_not_ready_high_variance;combined_not_ready_outlier;outliers_1
picoperf	connect	iouring	loopback	cc=cubic|pmtud=off|packet_train=off|bdp_frame=on|bdp_seed=off|seed_now=off|udp_gso=common_cpp_after_impairment|udp_gro=on|mtu=1452|null_verifier=ed25519_sigalgs	cubic	not_ready	connections_per_second													0.000000	0.000000	not_ready	no_ready_rows;t1:p50_ci_width_0.1671_gt_0.0500;p80_p20_1.4075_gt_1.1500;block_median_ratio_1.4028_gt_1.1000;drift_-0.1850_gt_0.0300;severe_block_median_ratio_1.4028_gt_1.2500;severe_drift_-0.1850_gt_0.0800
picoperf	connect	syscall	loopback	cc=cubic|pmtud=off|packet_train=off|bdp_frame=on|bdp_seed=off|seed_now=off|udp_gso=common_cpp_after_impairment|udp_gro=on|mtu=1452|null_verifier=ed25519_sigalgs	cubic	not_ready	connections_per_second													0.000000	0.000000	not_ready	no_ready_rows;t1:p50_ci_width_0.2958_gt_0.0500;p80_p20_1.3970_gt_1.1500;block_median_ratio_1.4442_gt_1.1000;severe_block_median_ratio_1.4442_gt_1.2500
picoperf	download	iouring	loopback	cc=cubic|pmtud=off|packet_train=off|bdp_frame=on|bdp_seed=off|seed_now=off|udp_gso=common_cpp_after_impairment|udp_gro=on|mtu=1452|null_verifier=ed25519_sigalgs	cubic	not_ready	throughput_gbps	1	1		9.375036		9.375036	9.225369	9.474477	0.026571	8.763493	8.644872	insufficient_order_stat_support	1.000000	1.000000	not_ready	no_incremental_plateau;t2:p50_ci_width_0.0722_gt_0.0300;p80_p20_1.1536_gt_1.1500;block_median_ratio_1.1942_gt_1.1000;persistent_block_median_ratio_recent_1.1127_gt_1.1000;persistent_p80_p20_recent_1.1538_gt_1.1500;t1:missing_confirm_stats
picoperf	download	syscall	loopback	cc=cubic|pmtud=off|packet_train=off|bdp_frame=on|bdp_seed=off|seed_now=off|udp_gso=common_cpp_after_impairment|udp_gro=on|mtu=1452|null_verifier=ed25519_sigalgs	cubic	not_ready	throughput_gbps													0.000000	0.000000	not_ready	no_ready_rows;t1:p50_ci_width_0.0381_gt_0.0300;block_median_ratio_1.1475_gt_1.1000;drift_-0.0320_gt_0.0300;persistent_drift_-0.0320_gt_0.0300
picoperf	upload	iouring	loopback	cc=cubic|pmtud=off|packet_train=off|bdp_frame=on|bdp_seed=off|seed_now=off|udp_gso=common_cpp_after_impairment|udp_gro=on|mtu=1452|null_verifier=ed25519_sigalgs	cubic	not_ready	throughput_gbps													0.000000	0.000000	not_ready	no_ready_rows;t1:p50_ci_width_0.0412_gt_0.0300;drift_0.0826_gt_0.0300;severe_drift_0.0826_gt_0.0800
picoperf	upload	syscall	loopback	cc=cubic|pmtud=off|packet_train=off|bdp_frame=on|bdp_seed=off|seed_now=off|udp_gso=common_cpp_after_impairment|udp_gro=on|mtu=1452|null_verifier=ed25519_sigalgs	cubic	not_ready	throughput_gbps													0.000000	0.000000	not_ready	no_ready_rows;t1:p50_ci_width_0.0573_gt_0.0300;block_median_ratio_1.1571_gt_1.1000;drift_0.0485_gt_0.0300;persistent_drift_0.0485_gt_0.0300
quicheperf	connect	iouring	loopback	cc=cubic|migration=off|pmtud=off|max_windows=profile|udp_gso=common_cpp|udp_gro=on	cubic	not_ready	connections_per_second													0.000000	0.000000	not_ready	no_ready_rows;t1:p50_ci_width_0.0650_gt_0.0500;block_median_ratio_1.2066_gt_1.1000;drift_0.0375_gt_0.0300;persistent_block_median_ratio_recent_1.1417_gt_1.1000;persistent_drift_0.0375_gt_0.0300
quicheperf	connect	syscall	loopback	cc=cubic|migration=off|pmtud=off|max_windows=profile|udp_gso=common_cpp|udp_gro=on	cubic	not_ready	connections_per_second													0.000000	0.000000	not_ready	no_ready_rows;t1:p50_ci_width_0.1875_gt_0.0500;p80_p20_1.2499_gt_1.1500;block_median_ratio_1.2628_gt_1.1000;drift_-0.1368_gt_0.0300;severe_block_median_ratio_1.2628_gt_1.2500;severe_drift_-0.1368_gt_0.0800
quicheperf	download	iouring	loopback	cc=cubic|migration=off|pmtud=off|max_windows=profile|udp_gso=common_cpp|udp_gro=on	cubic	not_ready	throughput_gbps													0.000000	0.000000	not_ready	no_ready_rows;t1:p50_ci_width_0.0389_gt_0.0300;drift_0.0467_gt_0.0300;persistent_drift_0.0467_gt_0.0300
quicheperf	download	syscall	loopback	cc=cubic|migration=off|pmtud=off|max_windows=profile|udp_gso=common_cpp|udp_gro=on	cubic	not_ready	throughput_gbps													0.000000	0.000000	not_ready	no_ready_rows;t1:p50_ci_width_0.0517_gt_0.0300;drift_-0.0489_gt_0.0300;persistent_drift_-0.0489_gt_0.0300
quicheperf	upload	iouring	loopback	cc=cubic|migration=off|pmtud=off|max_windows=profile|udp_gso=common_cpp|udp_gro=on	cubic	not_ready	throughput_gbps	1	1		8.491639		8.491639	8.386433	8.638641	0.029701	7.828980	7.192559	insufficient_order_stat_support	1.000000	1.000000	not_ready	no_incremental_plateau;t2:block_median_ratio_1.1350_gt_1.1000;t1:missing_confirm_stats
quicheperf	upload	syscall	loopback	cc=cubic|migration=off|pmtud=off|max_windows=profile|udp_gso=common_cpp|udp_gro=on	cubic	not_ready	throughput_gbps													0.000000	0.000000	not_ready	no_ready_rows;t1:p50_ci_width_0.0410_gt_0.0300;block_median_ratio_1.1127_gt_1.1000;persistent_block_median_ratio_recent_1.1122_gt_1.1000
quiczigperf	connect	iouring	loopback	cc=cubic|bbr=unsupported|packet_api=quic-zig-connection|cpp_networkhub=on|udp_gso=common_cpp|udp_gro=on|runtime=none|pmtud=off|pacing=disabled|send_backpressure=stream_window|flow_window_clamp=64m|server_send_rr=on	cubic	not_ready	connections_per_second													0.000000	0.000000	not_ready	no_ready_rows;t1:p50_ci_width_0.2402_gt_0.0500;p80_p20_1.3196_gt_1.1500;block_median_ratio_1.3889_gt_1.1000;drift_-0.1174_gt_0.0300;severe_block_median_ratio_1.3889_gt_1.2500;severe_drift_-0.1174_gt_0.0800
quiczigperf	connect	syscall	loopback	cc=cubic|bbr=unsupported|packet_api=quic-zig-connection|cpp_networkhub=on|udp_gso=common_cpp|udp_gro=on|runtime=none|pmtud=off|pacing=disabled|send_backpressure=stream_window|flow_window_clamp=64m|server_send_rr=on	cubic	not_ready	connections_per_second	1	1		1075.482757		1075.482757	1069.686892	1085.148334	0.014376	893.490189	789.748665	insufficient_order_stat_support	1.000000	1.000000	not_ready	no_incremental_plateau;t2:p50_ci_width_0.1879_gt_0.0500;p80_p20_1.2903_gt_1.1500;block_median_ratio_1.3407_gt_1.1000;severe_block_median_ratio_1.3407_gt_1.2500;t1:missing_confirm_stats
quiczigperf	download	iouring	loopback	cc=cubic|bbr=unsupported|packet_api=quic-zig-connection|cpp_networkhub=on|udp_gso=common_cpp|udp_gro=on|runtime=none|pmtud=off|pacing=disabled|send_backpressure=stream_window|flow_window_clamp=64m|server_send_rr=on	cubic	not_ready	throughput_gbps	1	1		8.552221		8.552221	8.503321	8.667827	0.019235	8.262411	8.190785	insufficient_order_stat_support	1.000000	1.000000	not_ready	no_incremental_plateau;t2:p50_ci_width_0.0704_gt_0.0300;block_median_ratio_1.1124_gt_1.1000;persistent_block_median_ratio_recent_1.1124_gt_1.1000;t1:missing_confirm_stats
quiczigperf	download	syscall	loopback	cc=cubic|bbr=unsupported|packet_api=quic-zig-connection|cpp_networkhub=on|udp_gso=common_cpp|udp_gro=on|runtime=none|pmtud=off|pacing=disabled|send_backpressure=stream_window|flow_window_clamp=64m|server_send_rr=on	cubic	not_ready	throughput_gbps													0.000000	0.000000	not_ready	no_ready_rows;t1:p50_ci_width_0.0686_gt_0.0300;block_median_ratio_1.1402_gt_1.1000;drift_-0.0300_gt_0.0300;persistent_block_median_ratio_recent_1.1310_gt_1.1000;persistent_drift_-0.0300_gt_0.0300
quiczigperf	upload	iouring	loopback	cc=cubic|bbr=unsupported|packet_api=quic-zig-connection|cpp_networkhub=on|udp_gso=common_cpp|udp_gro=on|runtime=none|pmtud=off|pacing=disabled|send_backpressure=stream_window|flow_window_clamp=64m|server_send_rr=on	cubic	ready	throughput_gbps	1	1	2	8.250918	8.133212	8.248596	8.131139	8.335197	0.024739	7.902862	7.627851	insufficient_order_stat_support	1.000000	1.000000	ok	incremental_improvement_-1.22pct_le_1.00pct
quiczigperf	upload	syscall	loopback	cc=cubic|bbr=unsupported|packet_api=quic-zig-connection|cpp_networkhub=on|udp_gso=common_cpp|udp_gro=on|runtime=none|pmtud=off|pacing=disabled|send_backpressure=stream_window|flow_window_clamp=64m|server_send_rr=on	cubic	not_ready	throughput_gbps													0.000000	0.000000	not_ready	no_ready_rows;t1:block_median_ratio_1.1707_gt_1.1000
quinnperf	connect	iouring	loopback	cc=cubic|sans_io=quinn-proto|cpp_networkhub=on|udp_gso=common_cpp|udp_gro=on|runtime=none	cubic	not_ready	connections_per_second													0.000000	0.000000	not_ready	no_ready_rows;t1:p50_ci_width_0.1687_gt_0.0500;p80_p20_1.2163_gt_1.1500;block_median_ratio_1.2860_gt_1.1000;drift_-0.1516_gt_0.0300;severe_block_median_ratio_1.2860_gt_1.2500;severe_drift_-0.1516_gt_0.0800
quinnperf	connect	syscall	loopback	cc=cubic|sans_io=quinn-proto|cpp_networkhub=on|udp_gso=common_cpp|udp_gro=on|runtime=none	cubic	not_ready	connections_per_second													0.000000	0.000000	not_ready	no_ready_rows;t1:p50_ci_width_0.0839_gt_0.0500;p80_p20_1.2100_gt_1.1500;block_median_ratio_1.2046_gt_1.1000;persistent_block_median_ratio_recent_1.2046_gt_1.1000;persistent_p80_p20_recent_1.1915_gt_1.1500
quinnperf	download	iouring	loopback	cc=cubic|sans_io=quinn-proto|cpp_networkhub=on|udp_gso=common_cpp|udp_gro=on|runtime=none	cubic	not_ready	throughput_gbps	2	2	3	6.807682	6.738046	6.775672	6.736604	6.907429	0.025212	6.666161	6.616054	insufficient_order_stat_support	1.000000	1.000000	ok	incremental_improvement_-2.65pct_le_1.00pct;t1:combined_warning_noisy;p50_ci_width_0.0374_gt_0.0300
quinnperf	download	syscall	loopback	cc=cubic|sans_io=quinn-proto|cpp_networkhub=on|udp_gso=common_cpp|udp_gro=on|runtime=none	cubic	not_ready	throughput_gbps	2	2	3	7.100926	7.227189	7.111073	6.999735	7.219316	0.030879	6.851243	6.762370	insufficient_order_stat_support	1.000000	1.000000	ok	incremental_improvement_-1.04pct_le_1.00pct;t2:combined_warning_noisy;p50_ci_width_0.0309_gt_0.0300
quinnperf	upload	iouring	loopback	cc=cubic|sans_io=quinn-proto|cpp_networkhub=on|udp_gso=common_cpp|udp_gro=on|runtime=none	cubic	not_ready	throughput_gbps													0.000000	0.000000	not_ready	no_ready_rows;t1:p50_ci_width_0.0380_gt_0.0300;drift_0.0330_gt_0.0300;persistent_drift_0.0330_gt_0.0300
quinnperf	upload	syscall	loopback	cc=cubic|sans_io=quinn-proto|cpp_networkhub=on|udp_gso=common_cpp|udp_gro=on|runtime=none	cubic	ready	throughput_gbps	1	1	2	3.731922	3.700799	3.717975	3.696728	3.755232	0.015735	3.648924	3.587237	insufficient_order_stat_support	1.000000	1.000000	ok	incremental_improvement_-4.87pct_le_1.00pct
s2nperf	connect	iouring	loopback	cc=cubic|manual_endpoint=s2n-quic|cpp_networkhub=on|udp_gso=common_cpp|udp_gro=on|runtime=none	cubic	not_ready	connections_per_second													0.000000	0.000000	not_ready	no_ready_rows;t1:p50_ci_width_0.1142_gt_0.0500;p80_p20_1.1588_gt_1.1500;block_median_ratio_1.2136_gt_1.1000;drift_0.1264_gt_0.0300;severe_drift_0.1264_gt_0.0800
s2nperf	connect	syscall	loopback	cc=cubic|manual_endpoint=s2n-quic|cpp_networkhub=on|udp_gso=common_cpp|udp_gro=on|runtime=none	cubic	not_ready	connections_per_second													0.000000	0.000000	not_ready	no_ready_rows;t1:p50_ci_width_0.1419_gt_0.0500;p80_p20_1.2546_gt_1.1500;block_median_ratio_1.2438_gt_1.1000;drift_0.0893_gt_0.0300;severe_drift_0.0893_gt_0.0800
s2nperf	download	iouring	loopback	cc=cubic|manual_endpoint=s2n-quic|cpp_networkhub=on|udp_gso=common_cpp|udp_gro=on|runtime=none	cubic	not_ready	throughput_gbps	4	4		6.409969		6.409969	6.354558	6.475304	0.018837	6.312714	6.263169	insufficient_order_stat_support	1.000000	1.000000	not_ready	no_incremental_plateau;t5:p50_ci_width_0.0317_gt_0.0300;block_median_ratio_1.1245_gt_1.1000;outliers_1;persistent_outliers_1;t1:missing_confirm_stats;t2:missing_confirm_stats;t3:missing_confirm_stats;t4:missing_confirm_stats
s2nperf	download	syscall	loopback	cc=cubic|manual_endpoint=s2n-quic|cpp_networkhub=on|udp_gso=common_cpp|udp_gro=on|runtime=none	cubic	not_ready	throughput_gbps	3	3		6.429073		6.429073	6.369615	6.490059	0.018734	6.256863	5.353820	insufficient_order_stat_support	1.000000	1.000000	not_ready	no_incremental_plateau;t4:p80_p20_1.2013_gt_1.1500;block_median_ratio_1.1663_gt_1.1000;outliers_4;severe_outlier_blocks_3_gte_2;t1:missing_confirm_stats;t2:missing_confirm_stats;t3:missing_confirm_stats
s2nperf	upload	iouring	loopback	cc=cubic|manual_endpoint=s2n-quic|cpp_networkhub=on|udp_gso=common_cpp|udp_gro=on|runtime=none	cubic	not_ready	throughput_gbps													0.000000	0.000000	not_ready	no_ready_rows;t1:p50_ci_width_0.0942_gt_0.0300;block_median_ratio_1.1645_gt_1.1000;drift_0.1093_gt_0.0300;severe_drift_0.1093_gt_0.0800
s2nperf	upload	syscall	loopback	cc=cubic|manual_endpoint=s2n-quic|cpp_networkhub=on|udp_gso=common_cpp|udp_gro=on|runtime=none	cubic	not_ready	throughput_gbps	2	2	3	7.356824	7.260229	7.328881	7.212831	7.381225	0.022977	7.119960	6.937692	insufficient_order_stat_support	1.000000	1.000000	ok	incremental_improvement_-2.74pct_le_1.00pct;t1:combined_warning_noisy;p50_ci_width_0.0311_gt_0.0300;t2:confirm_p50_ci_width_0.0507_gt_0.0450;t3:combined_warning_noisy;p50_ci_width_0.0310_gt_0.0300
tcpperf	connect	iouring	loopback			not_ready	connections_per_second													0.000000	0.000000	unsupported	tcp_tls_syscall_only
tcpperf	connect	syscall	loopback	cc=cubic_requested|nodelay=on|quickack=on|partial_write=on	cubic_requested	not_ready	connections_per_second													0.000000	0.000000	not_ready	no_ready_rows;t1:p50_ci_width_0.0755_gt_0.0500;p80_p20_1.2202_gt_1.1500;block_median_ratio_1.2535_gt_1.1000;drift_0.0378_gt_0.0300;severe_block_median_ratio_1.2535_gt_1.2500
tcpperf	download	iouring	loopback			not_ready	throughput_gbps													0.000000	0.000000	unsupported	tcp_tls_syscall_only
tcpperf	download	syscall	loopback	cc=cubic_requested|nodelay=on|quickack=on|partial_write=on	cubic_requested	not_ready	throughput_gbps													0.000000	0.000000	not_ready	no_ready_rows;t1:p50_ci_width_0.3738_gt_0.0300;p80_p20_1.5021_gt_1.1500;block_median_ratio_1.5579_gt_1.1000;drift_-0.1188_gt_0.0300;severe_block_median_ratio_1.5579_gt_1.2500;severe_p80_p20_1.5021_gt_1.5000;severe_drift_-0.1188_gt_0.0800
tcpperf	upload	iouring	loopback			not_ready	throughput_gbps													0.000000	0.000000	unsupported	tcp_tls_syscall_only
tcpperf	upload	syscall	loopback	cc=cubic_requested|nodelay=on|quickack=on|partial_write=on	cubic_requested	not_ready	throughput_gbps													0.000000	0.000000	not_ready	no_ready_rows;t1:p50_ci_width_0.2610_gt_0.0300;p80_p20_1.4153_gt_1.1500;block_median_ratio_1.6032_gt_1.1000;drift_-0.0813_gt_0.0300;severe_block_median_ratio_1.6032_gt_1.2500;severe_drift_-0.0813_gt_0.0800
tquicperf	connect	iouring	loopback	cc=cubic|pacing=on|pmtud=off|send_batch=150|max_conns=server_connections|tls_sigalgs=explicit|udp_gso=common_cpp|udp_gro=on	cubic	not_ready	connections_per_second													0.000000	0.000000	not_ready	no_ready_rows;t1:p50_ci_width_0.1383_gt_0.0500;p80_p20_1.2298_gt_1.1500;block_median_ratio_1.2567_gt_1.1000;drift_0.0497_gt_0.0300;severe_block_median_ratio_1.2567_gt_1.2500
tquicperf	connect	syscall	loopback	cc=cubic|pacing=on|pmtud=off|send_batch=150|max_conns=server_connections|tls_sigalgs=explicit|udp_gso=common_cpp|udp_gro=on	cubic	not_ready	connections_per_second													0.000000	0.000000	not_ready	no_ready_rows;t1:p50_ci_width_0.1258_gt_0.0500;p80_p20_1.2486_gt_1.1500;block_median_ratio_1.2994_gt_1.1000;drift_-0.0449_gt_0.0300;severe_block_median_ratio_1.2994_gt_1.2500
tquicperf	download	iouring	loopback	cc=cubic|pacing=on|pmtud=off|send_batch=150|max_conns=server_connections|tls_sigalgs=explicit|udp_gso=common_cpp|udp_gro=on	cubic	not_ready	throughput_gbps	3	3	4	9.183139	9.008567	9.128902	8.986218	9.277724	0.031932	8.651222	8.557096	insufficient_order_stat_support	1.000000	1.000000	ok	incremental_improvement_-2.74pct_le_1.00pct;t1:combined_not_ready_nonstationary;p50_ci_width_0.0360_gt_0.0300;block_median_ratio_1.1119_gt_1.1000;t2:confirm_p50_ci_width_0.0476_gt_0.0450;confirm_median_delta_0.0497_gt_0.0450;combined_not_ready_nonstationary;p50_ci_width_0.0376_gt_0.0300;block_median_ratio_1.1061_gt_1.1000;t3:confirm_p50_ci_width_0.0786_gt_0.0450;combined_warning_noisy;p50_ci_width_0.0319_gt_0.0300
tquicperf	download	syscall	loopback	cc=cubic|pacing=on|pmtud=off|send_batch=150|max_conns=server_connections|tls_sigalgs=explicit|udp_gso=common_cpp|udp_gro=on	cubic	not_ready	throughput_gbps													0.000000	0.000000	not_ready	no_ready_rows;t1:p50_ci_width_0.1207_gt_0.0300;block_median_ratio_1.1732_gt_1.1000;drift_-0.1004_gt_0.0300;severe_drift_-0.1004_gt_0.0800
tquicperf	upload	iouring	loopback	cc=cubic|pacing=on|pmtud=off|send_batch=150|max_conns=server_connections|tls_sigalgs=explicit|udp_gso=common_cpp|udp_gro=on	cubic	not_ready	throughput_gbps	2	2	3	11.599975	11.914877	11.654139	11.564916	12.052552	0.041842	11.242674	11.103600	insufficient_order_stat_support	1.000000	1.000000	ok	incremental_improvement_-4.77pct_le_1.00pct;t2:confirm_p50_ci_width_0.0751_gt_0.0450;combined_warning_noisy;p50_ci_width_0.0418_gt_0.0300
tquicperf	upload	syscall	loopback	cc=cubic|pacing=on|pmtud=off|send_batch=150|max_conns=server_connections|tls_sigalgs=explicit|udp_gso=common_cpp|udp_gro=on	cubic	not_ready	throughput_gbps	2	2	3	12.810323	13.092232	12.863108	12.652115	13.026115	0.029075	12.290377	12.035394	insufficient_order_stat_support	1.000000	1.000000	ok	incremental_improvement_-2.38pct_le_1.00pct;t2:confirm_p50_ci_width_0.1030_gt_0.0450;combined_not_ready_nonstationary;block_median_ratio_1.1627_gt_1.1000;t3:confirm_p50_ci_width_0.0700_gt_0.0450;combined_not_ready_nonstationary;block_median_ratio_1.1030_gt_1.1000
xquicperf	connect	iouring	loopback	cc=cubic|pacing=on|sendmmsg=on|cid_len=12|qlog=off|tls_sigalgs=ssl_ctx_wrap|tls_verify=config_chain_preflight|udp_gso=common_cpp|udp_gro=on	cubic	not_ready	connections_per_second													0.000000	0.000000	not_ready	no_ready_rows;t1:p50_ci_width_0.1212_gt_0.0500;p80_p20_1.1989_gt_1.1500;block_median_ratio_1.1957_gt_1.1000;persistent_block_median_ratio_recent_1.1317_gt_1.1000;persistent_p80_p20_recent_1.1793_gt_1.1500
xquicperf	connect	syscall	loopback	cc=cubic|pacing=on|sendmmsg=on|cid_len=12|qlog=off|tls_sigalgs=ssl_ctx_wrap|tls_verify=config_chain_preflight|udp_gso=common_cpp|udp_gro=on	cubic	not_ready	connections_per_second													0.000000	0.000000	not_ready	no_ready_rows;t1:p50_ci_width_0.0528_gt_0.0500;block_median_ratio_1.1539_gt_1.1000;persistent_block_median_ratio_recent_1.1539_gt_1.1000
xquicperf	download	iouring	loopback	cc=cubic|pacing=on|sendmmsg=on|cid_len=12|qlog=off|tls_sigalgs=ssl_ctx_wrap|tls_verify=config_chain_preflight|udp_gso=common_cpp|udp_gro=on	cubic	not_ready	throughput_gbps													0.000000	0.000000	not_ready	no_ready_rows;t1:p50_ci_width_0.0461_gt_0.0300;block_median_ratio_1.1484_gt_1.1000;drift_0.0426_gt_0.0300;persistent_block_median_ratio_recent_1.1072_gt_1.1000;persistent_drift_0.0426_gt_0.0300
xquicperf	download	syscall	loopback	cc=cubic|pacing=on|sendmmsg=on|cid_len=12|qlog=off|tls_sigalgs=ssl_ctx_wrap|tls_verify=config_chain_preflight|udp_gso=common_cpp|udp_gro=on	cubic	not_ready	throughput_gbps													0.000000	0.000000	not_ready	no_ready_rows;t1:p50_ci_width_0.0579_gt_0.0300;block_median_ratio_1.1198_gt_1.1000;drift_0.0876_gt_0.0300;severe_drift_0.0876_gt_0.0800
xquicperf	upload	iouring	loopback	cc=cubic|pacing=on|sendmmsg=on|cid_len=12|qlog=off|tls_sigalgs=ssl_ctx_wrap|tls_verify=config_chain_preflight|udp_gso=common_cpp|udp_gro=on	cubic	not_ready	throughput_gbps													0.000000	0.000000	not_ready	no_ready_rows;t1:block_median_ratio_1.1326_gt_1.1000;persistent_block_median_ratio_recent_1.1091_gt_1.1000
xquicperf	upload	syscall	loopback	cc=cubic|pacing=on|sendmmsg=on|cid_len=12|qlog=off|tls_sigalgs=ssl_ctx_wrap|tls_verify=config_chain_preflight|udp_gso=common_cpp|udp_gro=on	cubic	not_ready	throughput_gbps													0.000000	0.000000	not_ready	no_ready_rows;t1:p50_ci_width_0.0530_gt_0.0300;block_median_ratio_1.1642_gt_1.1000;drift_0.0639_gt_0.0300;persistent_drift_0.0639_gt_0.0300
