binary	scenario	network	path_profile	client_threads	metric	phase	samples	blocks	median	p50_ci95_low	p50_ci95_high	p50_ci95_relative_width	p20	p80	p20_p80_ratio	p90	p99	p99_status	mad_relative	block_median_ratio	drift_relative	lag1_autocorr	outlier_count	convergence_status	reason
lsperf	connect	iouring	loopback	1	connections_per_second	discovery	20	4	1135.399877	1107.960358	1153.732570	0.040314	1086.806072	1173.170209	1.079466	974.024791	880.939505	insufficient_order_stat_support	0.028511	1.070842	0.002645	-0.033708	0	ready	
lsperf	connect	iouring	loopback	1	connections_per_second	combined	20	4	1135.399877	1107.960358	1153.732570	0.040314	1086.806072	1173.170209	1.079466	974.024791	880.939505	insufficient_order_stat_support	0.028511	1.070842	0.002645	-0.033708	0	ready	
lsperf	connect	iouring	loopback	2	connections_per_second	discovery	70	14	2023.642098	1990.509252	2055.884018	0.032305	1915.980209	2124.299482	1.108727	1849.188748	1713.146962	insufficient_order_stat_support	0.041245	1.169066	0.016935	-0.003594	0	not_ready_high_variance	block_median_ratio_1.1691_gt_1.1000;persistent_block_median_ratio_recent_1.1381_gt_1.1000
lsperf	connect	iouring	loopback	2	connections_per_second	combined	70	14	2023.642098	1990.509252	2055.884018	0.032305	1915.980209	2124.299482	1.108727	1849.188748	1713.146962	insufficient_order_stat_support	0.041245	1.169066	0.016935	-0.003594	0	not_ready_high_variance	block_median_ratio_1.1691_gt_1.1000;persistent_block_median_ratio_recent_1.1381_gt_1.1000
lsperf	connect	syscall	loopback	1	connections_per_second	discovery	25	5	1005.385852	996.943372	1016.832648	0.019783	964.856348	1048.430801	1.086619	926.623593	850.402596	insufficient_order_stat_support	0.036104	1.090052	-0.021917	0.001187	0	ready	
lsperf	connect	syscall	loopback	1	connections_per_second	combined	25	5	1005.385852	996.943372	1016.832648	0.019783	964.856348	1048.430801	1.086619	926.623593	850.402596	insufficient_order_stat_support	0.036104	1.090052	-0.021917	0.001187	0	ready	
lsperf	connect	syscall	loopback	2	connections_per_second	discovery	30	6	1616.388433	1592.418698	1735.047914	0.088239	1577.219053	1814.969747	1.150740	1543.050411	1481.528892	insufficient_order_stat_support	0.045793	1.144618	0.103077	-0.155903	0	not_ready_high_variance	p50_ci_width_0.0882_gt_0.0500;p80_p20_1.1507_gt_1.1500;block_median_ratio_1.1446_gt_1.1000;drift_0.1031_gt_0.0300;severe_drift_0.1031_gt_0.0800
lsperf	connect	syscall	loopback	2	connections_per_second	combined	30	6	1616.388433	1592.418698	1735.047914	0.088239	1577.219053	1814.969747	1.150740	1543.050411	1481.528892	insufficient_order_stat_support	0.045793	1.144618	0.103077	-0.155903	0	not_ready_high_variance	p50_ci_width_0.0882_gt_0.0500;p80_p20_1.1507_gt_1.1500;block_median_ratio_1.1446_gt_1.1000;drift_0.1031_gt_0.0300;severe_drift_0.1031_gt_0.0800
lsperf	download	iouring	loopback	1	throughput_gbps	discovery	20	4	10.612284	10.561490	10.779020	0.020498	10.517075	10.792177	1.026158	10.485090	10.447365	insufficient_order_stat_support	0.010766	1.023082	0.002907	-0.219197	0	ready	
lsperf	download	iouring	loopback	1	throughput_gbps	confirm	10	2	10.633135	10.627460	10.756472	0.012133	10.603052	10.760519	1.014851	10.594882	10.546853	insufficient_order_stat_support	0.005828	1.012139	0.000000	0.093497	0	ready	
lsperf	download	iouring	loopback	1	throughput_gbps	combined	30	6	10.626183	10.584609	10.763816	0.016865	10.543115	10.787261	1.023157	10.505850	10.448490	insufficient_order_stat_support	0.010459	1.023082	0.012139	-0.203994	0	ready	
lsperf	download	iouring	loopback	2	throughput_gbps	discovery	60	12	4.830910	4.790193	4.921419	0.027164	4.627745	5.038395	1.088736	4.512408	4.368635	insufficient_order_stat_support	0.033291	1.066946	-0.005342	-0.262573	0	ready	
lsperf	download	iouring	loopback	2	throughput_gbps	confirm	10	2	5.781089	5.471541	5.784265	0.054094	5.414931	6.045552	1.116460	5.370144	5.020703	insufficient_order_stat_support	0.050848	1.057155	0.000000	0.266213	0	not_ready_max_samples	p50_ci_width_0.0541_gt_0.0300
lsperf	download	iouring	loopback	2	throughput_gbps	combined	70	14	4.893876	4.802106	5.029039	0.046371	4.678423	5.234168	1.118789	4.540515	4.370299	insufficient_order_stat_support	0.038987	1.218991	-0.016837	0.334357	0	not_ready_nonstationary	p50_ci_width_0.0464_gt_0.0300;block_median_ratio_1.2190_gt_1.1000
lsperf	download	syscall	loopback	1	throughput_gbps	discovery	110	22	16.028467	15.910604	16.308963	0.024853	15.237110	16.821994	1.104015	14.645928	13.694223	insufficient_order_stat_support	0.037216	1.120496	0.006647	0.191963	0	not_ready_high_variance	block_median_ratio_1.1205_gt_1.1000;persistent_block_median_ratio_recent_1.1008_gt_1.1000
lsperf	download	syscall	loopback	1	throughput_gbps	combined	110	22	16.028467	15.910604	16.308963	0.024853	15.237110	16.821994	1.104015	14.645928	13.694223	insufficient_order_stat_support	0.037216	1.120496	0.006647	0.191963	0	not_ready_high_variance	block_median_ratio_1.1205_gt_1.1000;persistent_block_median_ratio_recent_1.1008_gt_1.1000
lsperf	upload	iouring	loopback	1	throughput_gbps	discovery	55	11	12.261106	12.070606	12.374167	0.024758	11.932615	12.417335	1.040621	11.725700	11.453897	insufficient_order_stat_support	0.012770	1.090791	0.023502	0.390347	0	ready	
lsperf	upload	iouring	loopback	1	throughput_gbps	combined	55	11	12.261106	12.070606	12.374167	0.024758	11.932615	12.417335	1.040621	11.725700	11.453897	insufficient_order_stat_support	0.012770	1.090791	0.023502	0.390347	0	ready	
lsperf	upload	iouring	loopback	2	throughput_gbps	discovery	20	4	12.605546	12.515715	12.743145	0.018042	12.505237	12.813794	1.024674	12.462775	12.213998	insufficient_order_stat_support	0.007832	1.024487	-0.009537	0.227192	0	ready	
lsperf	upload	iouring	loopback	2	throughput_gbps	combined	20	4	12.605546	12.515715	12.743145	0.018042	12.505237	12.813794	1.024674	12.462775	12.213998	insufficient_order_stat_support	0.007832	1.024487	-0.009537	0.227192	0	ready	
lsperf	upload	iouring	loopback	3	throughput_gbps	discovery	45	9	13.129903	12.913578	13.432563	0.039527	12.823119	13.523666	1.054632	12.651268	12.207863	insufficient_order_stat_support	0.022875	1.074316	0.040393	0.132308	0	not_ready_high_variance	p50_ci_width_0.0395_gt_0.0300;drift_0.0404_gt_0.0300;persistent_drift_0.0404_gt_0.0300
lsperf	upload	iouring	loopback	3	throughput_gbps	combined	45	9	13.129903	12.913578	13.432563	0.039527	12.823119	13.523666	1.054632	12.651268	12.207863	insufficient_order_stat_support	0.022875	1.074316	0.040393	0.132308	0	not_ready_high_variance	p50_ci_width_0.0395_gt_0.0300;drift_0.0404_gt_0.0300;persistent_drift_0.0404_gt_0.0300
lsperf	upload	syscall	loopback	1	throughput_gbps	discovery	30	6	14.690732	13.565219	15.123124	0.106047	13.459331	15.485980	1.150576	13.258995	12.912972	insufficient_order_stat_support	0.071593	1.145823	0.089596	-0.007000	0	not_ready_high_variance	p50_ci_width_0.1060_gt_0.0300;p80_p20_1.1506_gt_1.1500;block_median_ratio_1.1458_gt_1.1000;drift_0.0896_gt_0.0300;severe_drift_0.0896_gt_0.0800
lsperf	upload	syscall	loopback	1	throughput_gbps	combined	30	6	14.690732	13.565219	15.123124	0.106047	13.459331	15.485980	1.150576	13.258995	12.912972	insufficient_order_stat_support	0.071593	1.145823	0.089596	-0.007000	0	not_ready_high_variance	p50_ci_width_0.1060_gt_0.0300;p80_p20_1.1506_gt_1.1500;block_median_ratio_1.1458_gt_1.1000;drift_0.0896_gt_0.0300;severe_drift_0.0896_gt_0.0800
mvfstperf	connect	iouring	loopback	1	connections_per_second	discovery	40	8	330.416253	317.815262	334.595650	0.050786	308.551128	342.752899	1.110846	298.216295	265.735643	insufficient_order_stat_support	0.041549	1.136231	-0.035675	0.126043	0	not_ready_high_variance	p50_ci_width_0.0508_gt_0.0500;block_median_ratio_1.1362_gt_1.1000;drift_-0.0357_gt_0.0300;persistent_drift_-0.0357_gt_0.0300
mvfstperf	connect	iouring	loopback	1	connections_per_second	combined	40	8	330.416253	317.815262	334.595650	0.050786	308.551128	342.752899	1.110846	298.216295	265.735643	insufficient_order_stat_support	0.041549	1.136231	-0.035675	0.126043	0	not_ready_high_variance	p50_ci_width_0.0508_gt_0.0500;block_median_ratio_1.1362_gt_1.1000;drift_-0.0357_gt_0.0300;persistent_drift_-0.0357_gt_0.0300
mvfstperf	connect	syscall	loopback	1	connections_per_second	discovery	30	6	310.086991	269.915301	316.087235	0.148900	286.897805	318.638373	1.110634	251.419820	227.108544	insufficient_order_stat_support	0.036024	1.293773	0.048511	0.645596	0	not_ready_high_variance	p50_ci_width_0.1489_gt_0.0500;block_median_ratio_1.2938_gt_1.1000;drift_0.0485_gt_0.0300;severe_block_median_ratio_1.2938_gt_1.2500
mvfstperf	connect	syscall	loopback	1	connections_per_second	combined	30	6	310.086991	269.915301	316.087235	0.148900	286.897805	318.638373	1.110634	251.419820	227.108544	insufficient_order_stat_support	0.036024	1.293773	0.048511	0.645596	0	not_ready_high_variance	p50_ci_width_0.1489_gt_0.0500;block_median_ratio_1.2938_gt_1.1000;drift_0.0485_gt_0.0300;severe_block_median_ratio_1.2938_gt_1.2500
mvfstperf	download	iouring	loopback	1	throughput_gbps	discovery	65	13	3.612616	3.547252	3.663225	0.032102	3.476267	3.728763	1.072634	3.343709	3.179324	insufficient_order_stat_support	0.027290	1.109896	-0.034898	0.085107	0	not_ready_high_variance	p50_ci_width_0.0321_gt_0.0300;block_median_ratio_1.1099_gt_1.1000;drift_-0.0349_gt_0.0300;persistent_drift_-0.0349_gt_0.0300
mvfstperf	download	iouring	loopback	1	throughput_gbps	combined	65	13	3.612616	3.547252	3.663225	0.032102	3.476267	3.728763	1.072634	3.343709	3.179324	insufficient_order_stat_support	0.027290	1.109896	-0.034898	0.085107	0	not_ready_high_variance	p50_ci_width_0.0321_gt_0.0300;block_median_ratio_1.1099_gt_1.1000;drift_-0.0349_gt_0.0300;persistent_drift_-0.0349_gt_0.0300
mvfstperf	download	syscall	loopback	1	throughput_gbps	discovery	40	8	4.232517	4.169287	4.266791	0.023037	4.051023	4.451411	1.098836	3.752017	3.474711	insufficient_order_stat_support	0.039176	1.095837	-0.040640	0.148390	0	not_ready_high_variance	drift_-0.0406_gt_0.0300;persistent_drift_-0.0406_gt_0.0300
mvfstperf	download	syscall	loopback	1	throughput_gbps	combined	40	8	4.232517	4.169287	4.266791	0.023037	4.051023	4.451411	1.098836	3.752017	3.474711	insufficient_order_stat_support	0.039176	1.095837	-0.040640	0.148390	0	not_ready_high_variance	drift_-0.0406_gt_0.0300;persistent_drift_-0.0406_gt_0.0300
mvfstperf	upload	iouring	loopback	1	throughput_gbps	discovery	45	9	2.415255	2.384025	2.591351	0.085840	2.358221	2.642764	1.120660	2.334230	2.016320	insufficient_order_stat_support	0.028235	1.161416	0.002029	0.196837	0	not_ready_high_variance	p50_ci_width_0.0858_gt_0.0300;block_median_ratio_1.1614_gt_1.1000;persistent_block_median_ratio_recent_1.1186_gt_1.1000
mvfstperf	upload	iouring	loopback	1	throughput_gbps	combined	45	9	2.415255	2.384025	2.591351	0.085840	2.358221	2.642764	1.120660	2.334230	2.016320	insufficient_order_stat_support	0.028235	1.161416	0.002029	0.196837	0	not_ready_high_variance	p50_ci_width_0.0858_gt_0.0300;block_median_ratio_1.1614_gt_1.1000;persistent_block_median_ratio_recent_1.1186_gt_1.1000
mvfstperf	upload	syscall	loopback	1	throughput_gbps	discovery	40	8	2.918115	2.861011	2.990763	0.044464	2.852867	3.050306	1.069207	2.826994	2.762981	insufficient_order_stat_support	0.021723	1.076610	-0.044611	0.381375	0	not_ready_high_variance	p50_ci_width_0.0445_gt_0.0300;drift_-0.0446_gt_0.0300;persistent_drift_-0.0446_gt_0.0300
mvfstperf	upload	syscall	loopback	1	throughput_gbps	combined	40	8	2.918115	2.861011	2.990763	0.044464	2.852867	3.050306	1.069207	2.826994	2.762981	insufficient_order_stat_support	0.021723	1.076610	-0.044611	0.381375	0	not_ready_high_variance	p50_ci_width_0.0445_gt_0.0300;drift_-0.0446_gt_0.0300;persistent_drift_-0.0446_gt_0.0300
neqoperf	connect	iouring	loopback	1	connections_per_second	discovery	55	11	435.656763	432.561687	439.360362	0.015606	403.800718	448.659759	1.111092	380.373899	321.657140	insufficient_order_stat_support	0.024321	1.206448	-0.013667	-0.048030	0	not_ready_high_variance	block_median_ratio_1.2064_gt_1.1000;persistent_block_median_ratio_recent_1.1172_gt_1.1000
neqoperf	connect	iouring	loopback	1	connections_per_second	combined	55	11	435.656763	432.561687	439.360362	0.015606	403.800718	448.659759	1.111092	380.373899	321.657140	insufficient_order_stat_support	0.024321	1.206448	-0.013667	-0.048030	0	not_ready_high_variance	block_median_ratio_1.2064_gt_1.1000;persistent_block_median_ratio_recent_1.1172_gt_1.1000
neqoperf	connect	syscall	loopback	1	connections_per_second	discovery	40	8	401.609168	385.821927	406.979218	0.052681	372.855738	419.606281	1.125385	335.944107	305.107213	insufficient_order_stat_support	0.045018	1.097667	0.043142	0.049493	0	not_ready_high_variance	p50_ci_width_0.0527_gt_0.0500;drift_0.0431_gt_0.0300;persistent_drift_0.0431_gt_0.0300
neqoperf	connect	syscall	loopback	1	connections_per_second	combined	40	8	401.609168	385.821927	406.979218	0.052681	372.855738	419.606281	1.125385	335.944107	305.107213	insufficient_order_stat_support	0.045018	1.097667	0.043142	0.049493	0	not_ready_high_variance	p50_ci_width_0.0527_gt_0.0500;drift_0.0431_gt_0.0300;persistent_drift_0.0431_gt_0.0300
neqoperf	download	iouring	loopback	1	throughput_gbps	discovery	40	8	4.181215	4.082638	4.317054	0.056064	4.045759	4.877882	1.205678	4.011249	3.815019	insufficient_order_stat_support	0.036707	1.082408	0.034039	-0.038073	0	not_ready_high_variance	p50_ci_width_0.0561_gt_0.0300;p80_p20_1.2057_gt_1.1500;drift_0.0340_gt_0.0300;persistent_p80_p20_recent_1.1544_gt_1.1500;persistent_drift_0.0340_gt_0.0300
neqoperf	download	iouring	loopback	1	throughput_gbps	combined	40	8	4.181215	4.082638	4.317054	0.056064	4.045759	4.877882	1.205678	4.011249	3.815019	insufficient_order_stat_support	0.036707	1.082408	0.034039	-0.038073	0	not_ready_high_variance	p50_ci_width_0.0561_gt_0.0300;p80_p20_1.2057_gt_1.1500;drift_0.0340_gt_0.0300;persistent_p80_p20_recent_1.1544_gt_1.1500;persistent_drift_0.0340_gt_0.0300
neqoperf	download	syscall	loopback	1	throughput_gbps	discovery	30	6	4.536032	4.464206	4.600159	0.029972	4.435362	4.627663	1.043356	4.405172	4.318997	insufficient_order_stat_support	0.017275	1.090219	-0.007511	0.168488	0	ready	
neqoperf	download	syscall	loopback	1	throughput_gbps	confirm	10	2	4.675617	4.538038	4.733828	0.041875	4.534165	4.830632	1.065385	4.513109	4.468059	insufficient_order_stat_support	0.021546	1.043144	0.000000	0.512388	0	not_ready_max_samples	p50_ci_width_0.0419_gt_0.0300
neqoperf	download	syscall	loopback	1	throughput_gbps	combined	40	8	4.546988	4.469679	4.642426	0.037992	4.462669	4.704108	1.054102	4.412087	4.324830	insufficient_order_stat_support	0.018424	1.090219	-0.016540	0.324795	0	warning_noisy	p50_ci_width_0.0380_gt_0.0300
neqoperf	download	syscall	loopback	2	throughput_gbps	discovery	35	7	4.135497	4.106168	4.170665	0.015596	4.032582	4.179079	1.036328	4.020273	4.006504	insufficient_order_stat_support	0.012642	1.045909	0.028929	0.183204	0	ready	
neqoperf	download	syscall	loopback	2	throughput_gbps	confirm	10	2	4.150597	4.141901	4.159294	0.004190	4.101647	4.244179	1.034750	4.078590	4.009163	insufficient_order_stat_support	0.017581	1.004199	0.000000	0.245249	0	ready	
neqoperf	download	syscall	loopback	2	throughput_gbps	combined	45	9	4.137373	4.128609	4.162458	0.008181	4.043702	4.192963	1.036912	4.020273	4.003467	insufficient_order_stat_support	0.012183	1.045909	0.013308	0.239063	0	ready	
neqoperf	upload	iouring	loopback	1	throughput_gbps	discovery	40	8	4.652178	4.392976	4.729452	0.072327	4.061996	4.889830	1.203800	4.010431	3.913976	insufficient_order_stat_support	0.068258	1.175648	-0.000344	-0.081532	0	not_ready_high_variance	p50_ci_width_0.0723_gt_0.0300;p80_p20_1.2038_gt_1.1500;block_median_ratio_1.1756_gt_1.1000;persistent_block_median_ratio_recent_1.1756_gt_1.1000;persistent_p80_p20_recent_1.1898_gt_1.1500
neqoperf	upload	iouring	loopback	1	throughput_gbps	combined	40	8	4.652178	4.392976	4.729452	0.072327	4.061996	4.889830	1.203800	4.010431	3.913976	insufficient_order_stat_support	0.068258	1.175648	-0.000344	-0.081532	0	not_ready_high_variance	p50_ci_width_0.0723_gt_0.0300;p80_p20_1.2038_gt_1.1500;block_median_ratio_1.1756_gt_1.1000;persistent_block_median_ratio_recent_1.1756_gt_1.1000;persistent_p80_p20_recent_1.1898_gt_1.1500
neqoperf	upload	syscall	loopback	1	throughput_gbps	discovery	120	24	4.698201	4.671264	4.746607	0.016036	4.580693	4.887804	1.067045	4.553370	4.428869	insufficient_order_stat_support	0.022559	1.124403	0.002844	0.201745	0	not_ready_max_samples	block_median_ratio_1.1244_gt_1.1000
neqoperf	upload	syscall	loopback	1	throughput_gbps	combined	120	24	4.698201	4.671264	4.746607	0.016036	4.580693	4.887804	1.067045	4.553370	4.428869	insufficient_order_stat_support	0.022559	1.124403	0.002844	0.201745	0	not_ready_max_samples	block_median_ratio_1.1244_gt_1.1000
ngtcp2perf	connect	iouring	loopback	1	connections_per_second	discovery	20	4	1782.619987	1705.995262	1795.103664	0.049987	1657.795725	1823.910338	1.100202	1630.802616	1466.466228	insufficient_order_stat_support	0.028247	1.091170	0.022387	-0.202038	0	ready	
ngtcp2perf	connect	iouring	loopback	1	connections_per_second	combined	20	4	1782.619987	1705.995262	1795.103664	0.049987	1657.795725	1823.910338	1.100202	1630.802616	1466.466228	insufficient_order_stat_support	0.028247	1.091170	0.022387	-0.202038	0	ready	
ngtcp2perf	connect	iouring	loopback	2	connections_per_second	discovery	30	6	2956.093045	2599.817498	3226.685984	0.212060	2560.750489	3306.262360	1.291130	2480.516115	2330.998672	insufficient_order_stat_support	0.111414	1.305863	-0.107756	0.322722	0	not_ready_high_variance	p50_ci_width_0.2121_gt_0.0500;p80_p20_1.2911_gt_1.1500;block_median_ratio_1.3059_gt_1.1000;drift_-0.1078_gt_0.0300;severe_block_median_ratio_1.3059_gt_1.2500;severe_drift_-0.1078_gt_0.0800
ngtcp2perf	connect	iouring	loopback	2	connections_per_second	combined	30	6	2956.093045	2599.817498	3226.685984	0.212060	2560.750489	3306.262360	1.291130	2480.516115	2330.998672	insufficient_order_stat_support	0.111414	1.305863	-0.107756	0.322722	0	not_ready_high_variance	p50_ci_width_0.2121_gt_0.0500;p80_p20_1.2911_gt_1.1500;block_median_ratio_1.3059_gt_1.1000;drift_-0.1078_gt_0.0300;severe_block_median_ratio_1.3059_gt_1.2500;severe_drift_-0.1078_gt_0.0800
ngtcp2perf	connect	syscall	loopback	1	connections_per_second	discovery	25	5	1174.662989	1149.626811	1193.763303	0.037574	1109.677058	1237.245907	1.114960	1035.828458	964.416622	insufficient_order_stat_support	0.042036	1.048969	0.005450	-0.271390	0	ready	
ngtcp2perf	connect	syscall	loopback	1	connections_per_second	combined	25	5	1174.662989	1149.626811	1193.763303	0.037574	1109.677058	1237.245907	1.114960	1035.828458	964.416622	insufficient_order_stat_support	0.042036	1.048969	0.005450	-0.271390	0	ready	
ngtcp2perf	connect	syscall	loopback	2	connections_per_second	discovery	30	6	1741.597803	1687.141077	1914.263946	0.130411	1670.948018	2042.712891	1.222487	1514.159359	1324.454806	insufficient_order_stat_support	0.089911	1.355058	-0.046341	0.219199	0	not_ready_high_variance	p50_ci_width_0.1304_gt_0.0500;p80_p20_1.2225_gt_1.1500;block_median_ratio_1.3551_gt_1.1000;drift_-0.0463_gt_0.0300;severe_block_median_ratio_1.3551_gt_1.2500
ngtcp2perf	connect	syscall	loopback	2	connections_per_second	combined	30	6	1741.597803	1687.141077	1914.263946	0.130411	1670.948018	2042.712891	1.222487	1514.159359	1324.454806	insufficient_order_stat_support	0.089911	1.355058	-0.046341	0.219199	0	not_ready_high_variance	p50_ci_width_0.1304_gt_0.0500;p80_p20_1.2225_gt_1.1500;block_median_ratio_1.3551_gt_1.1000;drift_-0.0463_gt_0.0300;severe_block_median_ratio_1.3551_gt_1.2500
ngtcp2perf	download	iouring	loopback	1	throughput_gbps	discovery	20	4	15.904729	15.734272	16.066255	0.020873	15.593851	16.159971	1.036304	15.330693	15.140388	insufficient_order_stat_support	0.016291	1.058211	0.020846	0.340534	0	ready	
ngtcp2perf	download	iouring	loopback	1	throughput_gbps	combined	20	4	15.904729	15.734272	16.066255	0.020873	15.593851	16.159971	1.036304	15.330693	15.140388	insufficient_order_stat_support	0.016291	1.058211	0.020846	0.340534	0	ready	
ngtcp2perf	download	iouring	loopback	2	throughput_gbps	discovery	40	8	18.591409	18.274564	19.092186	0.043978	18.203119	19.195031	1.054491	18.046980	17.675564	insufficient_order_stat_support	0.024588	1.096521	-0.053351	0.416857	0	not_ready_high_variance	p50_ci_width_0.0440_gt_0.0300;drift_-0.0534_gt_0.0300;persistent_drift_-0.0534_gt_0.0300
ngtcp2perf	download	iouring	loopback	2	throughput_gbps	combined	40	8	18.591409	18.274564	19.092186	0.043978	18.203119	19.195031	1.054491	18.046980	17.675564	insufficient_order_stat_support	0.024588	1.096521	-0.053351	0.416857	0	not_ready_high_variance	p50_ci_width_0.0440_gt_0.0300;drift_-0.0534_gt_0.0300;persistent_drift_-0.0534_gt_0.0300
ngtcp2perf	download	syscall	loopback	1	throughput_gbps	discovery	30	6	18.771672	17.792280	20.666025	0.153089	17.623971	20.712218	1.175230	17.431740	16.886883	insufficient_order_stat_support	0.068178	1.205979	-0.118729	0.576680	0	not_ready_high_variance	p50_ci_width_0.1531_gt_0.0300;p80_p20_1.1752_gt_1.1500;block_median_ratio_1.2060_gt_1.1000;drift_-0.1187_gt_0.0300;severe_drift_-0.1187_gt_0.0800
ngtcp2perf	download	syscall	loopback	1	throughput_gbps	combined	30	6	18.771672	17.792280	20.666025	0.153089	17.623971	20.712218	1.175230	17.431740	16.886883	insufficient_order_stat_support	0.068178	1.205979	-0.118729	0.576680	0	not_ready_high_variance	p50_ci_width_0.1531_gt_0.0300;p80_p20_1.1752_gt_1.1500;block_median_ratio_1.2060_gt_1.1000;drift_-0.1187_gt_0.0300;severe_drift_-0.1187_gt_0.0800
ngtcp2perf	upload	iouring	loopback	1	throughput_gbps	discovery	40	8	16.112755	15.891716	16.357962	0.028936	15.774634	16.391325	1.039094	15.614684	15.261945	insufficient_order_stat_support	0.016964	1.099314	0.000152	0.376833	0	ready	
ngtcp2perf	upload	iouring	loopback	1	throughput_gbps	combined	40	8	16.112755	15.891716	16.357962	0.028936	15.774634	16.391325	1.039094	15.614684	15.261945	insufficient_order_stat_support	0.016964	1.099314	0.000152	0.376833	0	ready	
ngtcp2perf	upload	iouring	loopback	2	throughput_gbps	discovery	65	13	15.847115	15.651200	16.176288	0.033135	15.422464	16.339773	1.059479	15.333231	15.060876	insufficient_order_stat_support	0.024120	1.121587	-0.010476	0.403544	0	not_ready_high_variance	p50_ci_width_0.0331_gt_0.0300;block_median_ratio_1.1216_gt_1.1000;persistent_block_median_ratio_recent_1.1216_gt_1.1000
ngtcp2perf	upload	iouring	loopback	2	throughput_gbps	combined	65	13	15.847115	15.651200	16.176288	0.033135	15.422464	16.339773	1.059479	15.333231	15.060876	insufficient_order_stat_support	0.024120	1.121587	-0.010476	0.403544	0	not_ready_high_variance	p50_ci_width_0.0331_gt_0.0300;block_median_ratio_1.1216_gt_1.1000;persistent_block_median_ratio_recent_1.1216_gt_1.1000
ngtcp2perf	upload	syscall	loopback	1	throughput_gbps	discovery	30	6	18.033725	17.730832	18.225254	0.027417	17.177822	19.229803	1.119455	16.756941	16.336982	insufficient_order_stat_support	0.047736	1.081110	-0.001809	-0.064051	0	ready	
ngtcp2perf	upload	syscall	loopback	1	throughput_gbps	combined	30	6	18.033725	17.730832	18.225254	0.027417	17.177822	19.229803	1.119455	16.756941	16.336982	insufficient_order_stat_support	0.047736	1.081110	-0.001809	-0.064051	0	ready	
ngtcp2perf	upload	syscall	loopback	2	throughput_gbps	discovery	40	8	29.474658	29.165686	30.240550	0.036467	28.775813	30.413038	1.056896	28.270035	27.263614	insufficient_order_stat_support	0.025104	1.078198	-0.040246	0.278452	0	not_ready_high_variance	p50_ci_width_0.0365_gt_0.0300;drift_-0.0402_gt_0.0300;persistent_drift_-0.0402_gt_0.0300
ngtcp2perf	upload	syscall	loopback	2	throughput_gbps	combined	40	8	29.474658	29.165686	30.240550	0.036467	28.775813	30.413038	1.056896	28.270035	27.263614	insufficient_order_stat_support	0.025104	1.078198	-0.040246	0.278452	0	not_ready_high_variance	p50_ci_width_0.0365_gt_0.0300;drift_-0.0402_gt_0.0300;persistent_drift_-0.0402_gt_0.0300
noqperf	connect	iouring	loopback	1	connections_per_second	discovery	40	8	1587.593666	1441.688737	1626.278123	0.116270	1439.721235	1708.193263	1.186475	1276.161328	1246.651407	insufficient_order_stat_support	0.062871	1.309548	-0.055313	0.292133	0	not_ready_high_variance	p50_ci_width_0.1163_gt_0.0500;p80_p20_1.1865_gt_1.1500;block_median_ratio_1.3095_gt_1.1000;drift_-0.0553_gt_0.0300;severe_block_median_ratio_1.3095_gt_1.2500
noqperf	connect	iouring	loopback	1	connections_per_second	combined	40	8	1587.593666	1441.688737	1626.278123	0.116270	1439.721235	1708.193263	1.186475	1276.161328	1246.651407	insufficient_order_stat_support	0.062871	1.309548	-0.055313	0.292133	0	not_ready_high_variance	p50_ci_width_0.1163_gt_0.0500;p80_p20_1.1865_gt_1.1500;block_median_ratio_1.3095_gt_1.1000;drift_-0.0553_gt_0.0300;severe_block_median_ratio_1.3095_gt_1.2500
noqperf	connect	syscall	loopback	1	connections_per_second	discovery	30	6	1316.499692	1150.172238	1361.532371	0.160547	1136.955975	1373.747251	1.208268	1110.903158	915.471955	insufficient_order_stat_support	0.085070	1.253173	-0.000053	0.094910	0	not_ready_high_variance	p50_ci_width_0.1605_gt_0.0500;p80_p20_1.2083_gt_1.1500;block_median_ratio_1.2532_gt_1.1000;severe_block_median_ratio_1.2532_gt_1.2500
noqperf	connect	syscall	loopback	1	connections_per_second	combined	30	6	1316.499692	1150.172238	1361.532371	0.160547	1136.955975	1373.747251	1.208268	1110.903158	915.471955	insufficient_order_stat_support	0.085070	1.253173	-0.000053	0.094910	0	not_ready_high_variance	p50_ci_width_0.1605_gt_0.0500;p80_p20_1.2083_gt_1.1500;block_median_ratio_1.2532_gt_1.1000;severe_block_median_ratio_1.2532_gt_1.2500
noqperf	download	iouring	loopback	1	throughput_gbps	discovery	20	4	3.185560	3.160286	3.207592	0.014850	3.155772	3.245267	1.028359	3.107461	3.078225	insufficient_order_stat_support	0.009291	1.041844	-0.010919	0.039092	0	ready	
noqperf	download	iouring	loopback	1	throughput_gbps	confirm	10	2	3.195926	3.159371	3.244535	0.026648	3.148254	3.252960	1.033258	3.146024	3.139654	insufficient_order_stat_support	0.015007	1.026956	0.000000	-0.001888	0	ready	
noqperf	download	iouring	loopback	1	throughput_gbps	combined	30	6	3.192186	3.161197	3.208532	0.014828	3.148653	3.251711	1.032731	3.135855	3.081199	insufficient_order_stat_support	0.012242	1.041844	0.011548	-0.036653	0	ready	
noqperf	download	iouring	loopback	2	throughput_gbps	discovery	20	4	5.563550	5.537435	5.640721	0.018565	5.533225	5.658244	1.022594	5.510161	5.459047	insufficient_order_stat_support	0.007274	1.037980	0.013559	0.343732	0	ready	
noqperf	download	iouring	loopback	2	throughput_gbps	confirm	10	2	5.630323	5.609346	5.663555	0.009628	5.533756	5.711834	1.032180	5.513299	5.499427	insufficient_order_stat_support	0.012164	1.009664	0.000000	0.299013	0	ready	
noqperf	download	iouring	loopback	2	throughput_gbps	combined	30	6	5.582740	5.543140	5.648827	0.018931	5.533225	5.680704	1.026653	5.510161	5.463536	insufficient_order_stat_support	0.011017	1.037980	-0.012796	0.325187	0	ready	
noqperf	download	iouring	loopback	3	throughput_gbps	discovery	20	4	5.285243	5.272953	5.319631	0.008832	5.252588	5.340716	1.016778	5.231783	5.223934	insufficient_order_stat_support	0.005005	1.013588	-0.004308	0.073810	0	ready	
noqperf	download	iouring	loopback	3	throughput_gbps	confirm	10	2	5.418629	5.334821	5.430819	0.017716	5.333447	5.439268	1.019841	5.319788	5.253657	insufficient_order_stat_support	0.011935	1.017995	0.000000	0.273797	0	ready	
noqperf	download	iouring	loopback	3	throughput_gbps	combined	30	6	5.304567	5.278024	5.384388	0.020051	5.269230	5.393692	1.023621	5.235730	5.224098	insufficient_order_stat_support	0.008284	1.029939	-0.007833	0.481693	0	ready	
noqperf	download	syscall	loopback	1	throughput_gbps	discovery	25	5	2.986999	2.960760	3.006332	0.015257	2.923679	3.054881	1.044876	2.883959	2.533741	insufficient_order_stat_support	0.020735	1.055219	-0.022270	0.002527	0	ready	
noqperf	download	syscall	loopback	1	throughput_gbps	confirm	10	2	2.974671	2.958923	3.002583	0.014677	2.929703	3.005136	1.025748	2.889291	2.851138	insufficient_order_stat_support	0.010750	1.014755	0.000000	0.166473	0	ready	
noqperf	download	syscall	loopback	1	throughput_gbps	combined	35	7	2.982563	2.960760	3.002583	0.014023	2.923679	3.050887	1.043510	2.883959	2.553866	insufficient_order_stat_support	0.019278	1.055219	-0.008531	0.019181	0	ready	
noqperf	download	syscall	loopback	2	throughput_gbps	discovery	20	4	5.743389	5.674981	5.832918	0.027499	5.671854	5.836013	1.028943	5.654996	5.618187	insufficient_order_stat_support	0.014266	1.030672	-0.002079	0.129157	0	ready	
noqperf	download	syscall	loopback	2	throughput_gbps	confirm	10	2	5.770786	5.744075	5.790652	0.008071	5.740471	5.872548	1.023008	5.730570	5.725503	insufficient_order_stat_support	0.005856	1.008109	0.000000	0.141104	0	ready	
noqperf	download	syscall	loopback	2	throughput_gbps	combined	30	6	5.760486	5.698542	5.829964	0.022814	5.693956	5.850367	1.027470	5.661580	5.618218	insufficient_order_stat_support	0.011438	1.030672	0.014217	0.172484	0	ready	
noqperf	download	syscall	loopback	3	throughput_gbps	discovery	20	4	5.504950	5.476170	5.546490	0.012774	5.441330	5.581571	1.025773	5.392352	5.239186	insufficient_order_stat_support	0.012187	1.019113	-0.011825	0.091806	0	ready	
noqperf	download	syscall	loopback	3	throughput_gbps	confirm	10	2	5.565532	5.520730	5.593073	0.012998	5.514695	5.623029	1.019645	5.486091	5.449935	insufficient_order_stat_support	0.008905	1.013104	0.000000	-0.048051	0	ready	
noqperf	download	syscall	loopback	3	throughput_gbps	combined	30	6	5.524578	5.501722	5.566275	0.011685	5.453948	5.593734	1.025630	5.425602	5.254066	insufficient_order_stat_support	0.011425	1.021348	-0.014176	0.156795	0	ready	
noqperf	upload	iouring	loopback	1	throughput_gbps	discovery	45	9	3.456276	3.380802	3.482842	0.029523	3.373862	3.505237	1.038939	3.342108	3.250417	insufficient_order_stat_support	0.016070	1.069428	0.021620	0.209763	0	ready	
noqperf	upload	iouring	loopback	1	throughput_gbps	confirm	10	2	3.459493	3.404891	3.503706	0.028563	3.398378	3.523845	1.036920	3.388828	3.351120	insufficient_order_stat_support	0.016548	1.029021	0.000000	0.476688	0	ready	
noqperf	upload	iouring	loopback	1	throughput_gbps	combined	55	11	3.456276	3.397937	3.487490	0.025910	3.377324	3.505237	1.037874	3.344372	3.251046	insufficient_order_stat_support	0.016070	1.069428	0.021554	0.283516	0	ready	
noqperf	upload	iouring	loopback	2	throughput_gbps	discovery	20	4	3.115830	3.098344	3.119646	0.006837	3.082317	3.138627	1.018269	3.038560	2.971718	insufficient_order_stat_support	0.008389	1.006875	-0.003534	0.180099	0	ready	
noqperf	upload	iouring	loopback	2	throughput_gbps	confirm	10	2	3.018050	2.983146	3.097511	0.037894	2.979136	3.099477	1.040394	2.952539	2.867014	insufficient_order_stat_support	0.017843	1.038337	0.000000	0.519950	0	not_ready_max_samples	p50_ci_width_0.0379_gt_0.0300
noqperf	upload	iouring	loopback	2	throughput_gbps	combined	30	6	3.097927	2.992246	3.116870	0.040228	3.019067	3.133695	1.037968	2.981141	2.886954	insufficient_order_stat_support	0.012712	1.045757	0.005343	0.328851	0	warning_noisy	p50_ci_width_0.0402_gt_0.0300
noqperf	upload	syscall	loopback	1	throughput_gbps	discovery	20	4	3.250040	3.232115	3.306280	0.022820	3.206834	3.345089	1.043113	3.183363	3.144578	insufficient_order_stat_support	0.017508	1.023715	0.005461	0.026660	0	ready	
noqperf	upload	syscall	loopback	1	throughput_gbps	confirm	10	2	3.300532	3.274675	3.314624	0.012104	3.270768	3.331190	1.018473	3.255200	3.251923	insufficient_order_stat_support	0.007852	1.012199	0.000000	0.013088	0	ready	
noqperf	upload	syscall	loopback	1	throughput_gbps	combined	30	6	3.274617	3.237119	3.309617	0.022140	3.233573	3.343579	1.034020	3.191692	3.147947	insufficient_order_stat_support	0.012227	1.026299	-0.001353	0.022570	0	ready	
noqperf	upload	syscall	loopback	2	throughput_gbps	discovery	20	4	2.943221	2.927607	2.950086	0.007638	2.927373	2.955461	1.009595	2.912194	2.863792	insufficient_order_stat_support	0.004539	1.016333	-0.001462	-0.023825	0	ready	
noqperf	upload	syscall	loopback	2	throughput_gbps	confirm	10	2	2.888379	2.883491	2.899203	0.005440	2.869872	2.915836	1.016016	2.815703	2.524419	insufficient_order_stat_support	0.006403	1.005449	0.000000	-0.264317	1	not_ready_high_variance	outliers_1;persistent_outliers_1
noqperf	upload	syscall	loopback	2	throughput_gbps	combined	30	6	2.931969	2.893267	2.946280	0.018081	2.885436	2.950851	1.022671	2.872842	2.596341	insufficient_order_stat_support	0.007202	1.027478	0.015097	-0.027189	1	not_ready_outlier	outliers_1
picoperf	connect	iouring	loopback	1	connections_per_second	discovery	30	6	1310.877144	1155.276804	1374.377202	0.167140	1001.901466	1410.190889	1.407515	983.854617	871.152348	insufficient_order_stat_support	0.098247	1.402825	-0.184983	-0.031694	0	not_ready_high_variance	p50_ci_width_0.1671_gt_0.0500;p80_p20_1.4075_gt_1.1500;block_median_ratio_1.4028_gt_1.1000;drift_-0.1850_gt_0.0300;severe_block_median_ratio_1.4028_gt_1.2500;severe_drift_-0.1850_gt_0.0800
picoperf	connect	iouring	loopback	1	connections_per_second	combined	30	6	1310.877144	1155.276804	1374.377202	0.167140	1001.901466	1410.190889	1.407515	983.854617	871.152348	insufficient_order_stat_support	0.098247	1.402825	-0.184983	-0.031694	0	not_ready_high_variance	p50_ci_width_0.1671_gt_0.0500;p80_p20_1.4075_gt_1.1500;block_median_ratio_1.4028_gt_1.1000;drift_-0.1850_gt_0.0300;severe_block_median_ratio_1.4028_gt_1.2500;severe_drift_-0.1850_gt_0.0800
picoperf	connect	syscall	loopback	1	connections_per_second	discovery	30	6	855.425048	752.584752	1005.633560	0.295816	730.167372	1020.012963	1.396958	700.771125	647.935578	insufficient_order_stat_support	0.150715	1.444175	-0.007430	0.109816	0	not_ready_high_variance	p50_ci_width_0.2958_gt_0.0500;p80_p20_1.3970_gt_1.1500;block_median_ratio_1.4442_gt_1.1000;severe_block_median_ratio_1.4442_gt_1.2500
picoperf	connect	syscall	loopback	1	connections_per_second	combined	30	6	855.425048	752.584752	1005.633560	0.295816	730.167372	1020.012963	1.396958	700.771125	647.935578	insufficient_order_stat_support	0.150715	1.444175	-0.007430	0.109816	0	not_ready_high_variance	p50_ci_width_0.2958_gt_0.0500;p80_p20_1.3970_gt_1.1500;block_median_ratio_1.4442_gt_1.1000;severe_block_median_ratio_1.4442_gt_1.2500
picoperf	download	iouring	loopback	1	throughput_gbps	discovery	25	5	9.375036	9.225369	9.474477	0.026571	9.015871	9.628038	1.067899	8.763493	8.644872	insufficient_order_stat_support	0.026837	1.054300	0.013622	-0.333827	0	ready	
picoperf	download	iouring	loopback	1	throughput_gbps	combined	25	5	9.375036	9.225369	9.474477	0.026571	9.015871	9.628038	1.067899	8.763493	8.644872	insufficient_order_stat_support	0.026837	1.054300	0.013622	-0.333827	0	ready	
picoperf	download	iouring	loopback	2	throughput_gbps	discovery	40	8	4.262161	4.058003	4.365921	0.072245	3.934345	4.538553	1.153573	3.790751	3.638677	insufficient_order_stat_support	0.064469	1.194192	-0.004041	0.089048	0	not_ready_high_variance	p50_ci_width_0.0722_gt_0.0300;p80_p20_1.1536_gt_1.1500;block_median_ratio_1.1942_gt_1.1000;persistent_block_median_ratio_recent_1.1127_gt_1.1000;persistent_p80_p20_recent_1.1538_gt_1.1500
picoperf	download	iouring	loopback	2	throughput_gbps	combined	40	8	4.262161	4.058003	4.365921	0.072245	3.934345	4.538553	1.153573	3.790751	3.638677	insufficient_order_stat_support	0.064469	1.194192	-0.004041	0.089048	0	not_ready_high_variance	p50_ci_width_0.0722_gt_0.0300;p80_p20_1.1536_gt_1.1500;block_median_ratio_1.1942_gt_1.1000;persistent_block_median_ratio_recent_1.1127_gt_1.1000;persistent_p80_p20_recent_1.1538_gt_1.1500
picoperf	download	syscall	loopback	1	throughput_gbps	discovery	50	10	8.880891	8.719614	9.057697	0.038069	8.643423	9.165000	1.060344	8.564920	7.804870	insufficient_order_stat_support	0.023586	1.147458	-0.031956	0.374219	0	not_ready_high_variance	p50_ci_width_0.0381_gt_0.0300;block_median_ratio_1.1475_gt_1.1000;drift_-0.0320_gt_0.0300;persistent_drift_-0.0320_gt_0.0300
picoperf	download	syscall	loopback	1	throughput_gbps	combined	50	10	8.880891	8.719614	9.057697	0.038069	8.643423	9.165000	1.060344	8.564920	7.804870	insufficient_order_stat_support	0.023586	1.147458	-0.031956	0.374219	0	not_ready_high_variance	p50_ci_width_0.0381_gt_0.0300;block_median_ratio_1.1475_gt_1.1000;drift_-0.0320_gt_0.0300;persistent_drift_-0.0320_gt_0.0300
picoperf	upload	iouring	loopback	1	throughput_gbps	discovery	30	6	9.034368	8.891913	9.264120	0.041199	8.628563	9.497931	1.100755	8.505315	8.196502	insufficient_order_stat_support	0.039779	1.098838	0.082603	0.472197	0	not_ready_high_variance	p50_ci_width_0.0412_gt_0.0300;drift_0.0826_gt_0.0300;severe_drift_0.0826_gt_0.0800
picoperf	upload	iouring	loopback	1	throughput_gbps	combined	30	6	9.034368	8.891913	9.264120	0.041199	8.628563	9.497931	1.100755	8.505315	8.196502	insufficient_order_stat_support	0.039779	1.098838	0.082603	0.472197	0	not_ready_high_variance	p50_ci_width_0.0412_gt_0.0300;drift_0.0826_gt_0.0300;severe_drift_0.0826_gt_0.0800
picoperf	upload	syscall	loopback	1	throughput_gbps	discovery	40	8	8.594766	8.415747	8.908436	0.057324	8.241735	9.083669	1.102155	8.142114	7.553633	insufficient_order_stat_support	0.039249	1.157088	0.048517	-0.053323	0	not_ready_high_variance	p50_ci_width_0.0573_gt_0.0300;block_median_ratio_1.1571_gt_1.1000;drift_0.0485_gt_0.0300;persistent_drift_0.0485_gt_0.0300
picoperf	upload	syscall	loopback	1	throughput_gbps	combined	40	8	8.594766	8.415747	8.908436	0.057324	8.241735	9.083669	1.102155	8.142114	7.553633	insufficient_order_stat_support	0.039249	1.157088	0.048517	-0.053323	0	not_ready_high_variance	p50_ci_width_0.0573_gt_0.0300;block_median_ratio_1.1571_gt_1.1000;drift_0.0485_gt_0.0300;persistent_drift_0.0485_gt_0.0300
quicheperf	connect	iouring	loopback	1	connections_per_second	discovery	40	8	1395.547626	1337.502775	1428.230094	0.065012	1293.274893	1469.882825	1.136559	1191.791721	1119.207179	insufficient_order_stat_support	0.051597	1.206582	0.037502	0.136957	0	not_ready_high_variance	p50_ci_width_0.0650_gt_0.0500;block_median_ratio_1.2066_gt_1.1000;drift_0.0375_gt_0.0300;persistent_block_median_ratio_recent_1.1417_gt_1.1000;persistent_drift_0.0375_gt_0.0300
quicheperf	connect	iouring	loopback	1	connections_per_second	combined	40	8	1395.547626	1337.502775	1428.230094	0.065012	1293.274893	1469.882825	1.136559	1191.791721	1119.207179	insufficient_order_stat_support	0.051597	1.206582	0.037502	0.136957	0	not_ready_high_variance	p50_ci_width_0.0650_gt_0.0500;block_median_ratio_1.2066_gt_1.1000;drift_0.0375_gt_0.0300;persistent_block_median_ratio_recent_1.1417_gt_1.1000;persistent_drift_0.0375_gt_0.0300
quicheperf	connect	syscall	loopback	1	connections_per_second	discovery	30	6	896.842752	825.423711	993.608375	0.187530	824.630797	1030.688978	1.249879	814.522742	742.588594	insufficient_order_stat_support	0.085453	1.262796	-0.136761	0.189348	0	not_ready_high_variance	p50_ci_width_0.1875_gt_0.0500;p80_p20_1.2499_gt_1.1500;block_median_ratio_1.2628_gt_1.1000;drift_-0.1368_gt_0.0300;severe_block_median_ratio_1.2628_gt_1.2500;severe_drift_-0.1368_gt_0.0800
quicheperf	connect	syscall	loopback	1	connections_per_second	combined	30	6	896.842752	825.423711	993.608375	0.187530	824.630797	1030.688978	1.249879	814.522742	742.588594	insufficient_order_stat_support	0.085453	1.262796	-0.136761	0.189348	0	not_ready_high_variance	p50_ci_width_0.1875_gt_0.0500;p80_p20_1.2499_gt_1.1500;block_median_ratio_1.2628_gt_1.1000;drift_-0.1368_gt_0.0300;severe_block_median_ratio_1.2628_gt_1.2500;severe_drift_-0.1368_gt_0.0800
quicheperf	download	iouring	loopback	1	throughput_gbps	discovery	40	8	8.969252	8.752782	9.101565	0.038887	8.564172	9.249959	1.080076	8.497730	8.206823	insufficient_order_stat_support	0.032098	1.073827	0.046733	0.103324	0	not_ready_high_variance	p50_ci_width_0.0389_gt_0.0300;drift_0.0467_gt_0.0300;persistent_drift_0.0467_gt_0.0300
quicheperf	download	iouring	loopback	1	throughput_gbps	combined	40	8	8.969252	8.752782	9.101565	0.038887	8.564172	9.249959	1.080076	8.497730	8.206823	insufficient_order_stat_support	0.032098	1.073827	0.046733	0.103324	0	not_ready_high_variance	p50_ci_width_0.0389_gt_0.0300;drift_0.0467_gt_0.0300;persistent_drift_0.0467_gt_0.0300
quicheperf	download	syscall	loopback	1	throughput_gbps	discovery	40	8	10.878802	10.659024	11.221716	0.051724	10.584512	11.322262	1.069701	10.464894	10.317949	insufficient_order_stat_support	0.028219	1.094931	-0.048931	0.259599	0	not_ready_high_variance	p50_ci_width_0.0517_gt_0.0300;drift_-0.0489_gt_0.0300;persistent_drift_-0.0489_gt_0.0300
quicheperf	download	syscall	loopback	1	throughput_gbps	combined	40	8	10.878802	10.659024	11.221716	0.051724	10.584512	11.322262	1.069701	10.464894	10.317949	insufficient_order_stat_support	0.028219	1.094931	-0.048931	0.259599	0	not_ready_high_variance	p50_ci_width_0.0517_gt_0.0300;drift_-0.0489_gt_0.0300;persistent_drift_-0.0489_gt_0.0300
quicheperf	upload	iouring	loopback	1	throughput_gbps	discovery	90	18	8.491639	8.386433	8.638641	0.029701	8.141725	8.803348	1.081263	7.828980	7.192559	insufficient_order_stat_support	0.033967	1.080731	0.008049	-0.099801	0	ready	
quicheperf	upload	iouring	loopback	1	throughput_gbps	combined	90	18	8.491639	8.386433	8.638641	0.029701	8.141725	8.803348	1.081263	7.828980	7.192559	insufficient_order_stat_support	0.033967	1.080731	0.008049	-0.099801	0	ready	
quicheperf	upload	iouring	loopback	2	throughput_gbps	discovery	120	24	12.960988	12.860822	13.040893	0.013893	12.646953	13.339121	1.054730	12.524038	12.249237	insufficient_order_stat_support	0.023286	1.134974	0.010771	0.124577	0	not_ready_max_samples	block_median_ratio_1.1350_gt_1.1000
quicheperf	upload	iouring	loopback	2	throughput_gbps	combined	120	24	12.960988	12.860822	13.040893	0.013893	12.646953	13.339121	1.054730	12.524038	12.249237	insufficient_order_stat_support	0.023286	1.134974	0.010771	0.124577	0	not_ready_max_samples	block_median_ratio_1.1350_gt_1.1000
quicheperf	upload	syscall	loopback	1	throughput_gbps	discovery	45	9	10.308237	10.104933	10.527503	0.040993	9.963898	10.888176	1.092763	9.848094	9.521393	insufficient_order_stat_support	0.032635	1.112733	0.005850	0.014089	0	not_ready_high_variance	p50_ci_width_0.0410_gt_0.0300;block_median_ratio_1.1127_gt_1.1000;persistent_block_median_ratio_recent_1.1122_gt_1.1000
quicheperf	upload	syscall	loopback	1	throughput_gbps	combined	45	9	10.308237	10.104933	10.527503	0.040993	9.963898	10.888176	1.092763	9.848094	9.521393	insufficient_order_stat_support	0.032635	1.112733	0.005850	0.014089	0	not_ready_high_variance	p50_ci_width_0.0410_gt_0.0300;block_median_ratio_1.1127_gt_1.1000;persistent_block_median_ratio_recent_1.1122_gt_1.1000
quiczigperf	connect	iouring	loopback	1	connections_per_second	discovery	30	6	1202.513494	970.510081	1259.388187	0.240229	981.073700	1294.584482	1.319559	945.500791	790.812182	insufficient_order_stat_support	0.096845	1.388929	-0.117446	0.330918	0	not_ready_high_variance	p50_ci_width_0.2402_gt_0.0500;p80_p20_1.3196_gt_1.1500;block_median_ratio_1.3889_gt_1.1000;drift_-0.1174_gt_0.0300;severe_block_median_ratio_1.3889_gt_1.2500;severe_drift_-0.1174_gt_0.0800
quiczigperf	connect	iouring	loopback	1	connections_per_second	combined	30	6	1202.513494	970.510081	1259.388187	0.240229	981.073700	1294.584482	1.319559	945.500791	790.812182	insufficient_order_stat_support	0.096845	1.388929	-0.117446	0.330918	0	not_ready_high_variance	p50_ci_width_0.2402_gt_0.0500;p80_p20_1.3196_gt_1.1500;block_median_ratio_1.3889_gt_1.1000;drift_-0.1174_gt_0.0300;severe_block_median_ratio_1.3889_gt_1.2500;severe_drift_-0.1174_gt_0.0800
quiczigperf	connect	syscall	loopback	1	connections_per_second	discovery	25	5	1075.482757	1069.686892	1085.148334	0.014376	971.544778	1091.981573	1.123964	893.490189	789.748665	insufficient_order_stat_support	0.018215	1.041762	-0.009833	-0.060244	0	ready	
quiczigperf	connect	syscall	loopback	1	connections_per_second	combined	25	5	1075.482757	1069.686892	1085.148334	0.014376	971.544778	1091.981573	1.123964	893.490189	789.748665	insufficient_order_stat_support	0.018215	1.041762	-0.009833	-0.060244	0	ready	
quiczigperf	connect	syscall	loopback	2	connections_per_second	discovery	30	6	1572.118688	1359.362405	1654.785099	0.187914	1312.233829	1693.133097	1.290268	1260.944953	1201.397600	insufficient_order_stat_support	0.077703	1.340690	-0.018264	0.240932	0	not_ready_high_variance	p50_ci_width_0.1879_gt_0.0500;p80_p20_1.2903_gt_1.1500;block_median_ratio_1.3407_gt_1.1000;severe_block_median_ratio_1.3407_gt_1.2500
quiczigperf	connect	syscall	loopback	2	connections_per_second	combined	30	6	1572.118688	1359.362405	1654.785099	0.187914	1312.233829	1693.133097	1.290268	1260.944953	1201.397600	insufficient_order_stat_support	0.077703	1.340690	-0.018264	0.240932	0	not_ready_high_variance	p50_ci_width_0.1879_gt_0.0500;p80_p20_1.2903_gt_1.1500;block_median_ratio_1.3407_gt_1.1000;severe_block_median_ratio_1.3407_gt_1.2500
quiczigperf	download	iouring	loopback	1	throughput_gbps	discovery	20	4	8.552221	8.503321	8.667827	0.019235	8.405576	8.772085	1.043603	8.262411	8.190785	insufficient_order_stat_support	0.021265	1.031927	0.014157	-0.092958	0	ready	
quiczigperf	download	iouring	loopback	1	throughput_gbps	combined	20	4	8.552221	8.503321	8.667827	0.019235	8.405576	8.772085	1.043603	8.262411	8.190785	insufficient_order_stat_support	0.021265	1.031927	0.014157	-0.092958	0	ready	
quiczigperf	download	iouring	loopback	2	throughput_gbps	discovery	40	8	9.814086	9.470496	10.161698	0.070430	9.386132	10.213994	1.088201	9.177129	9.108129	insufficient_order_stat_support	0.037807	1.112446	-0.028545	0.327783	0	not_ready_high_variance	p50_ci_width_0.0704_gt_0.0300;block_median_ratio_1.1124_gt_1.1000;persistent_block_median_ratio_recent_1.1124_gt_1.1000
quiczigperf	download	iouring	loopback	2	throughput_gbps	combined	40	8	9.814086	9.470496	10.161698	0.070430	9.386132	10.213994	1.088201	9.177129	9.108129	insufficient_order_stat_support	0.037807	1.112446	-0.028545	0.327783	0	not_ready_high_variance	p50_ci_width_0.0704_gt_0.0300;block_median_ratio_1.1124_gt_1.1000;persistent_block_median_ratio_recent_1.1124_gt_1.1000
quiczigperf	download	syscall	loopback	1	throughput_gbps	discovery	40	8	10.581867	10.374008	11.099805	0.068589	10.323460	11.303989	1.094981	10.221380	9.431858	insufficient_order_stat_support	0.025659	1.140178	-0.030023	0.428154	0	not_ready_high_variance	p50_ci_width_0.0686_gt_0.0300;block_median_ratio_1.1402_gt_1.1000;drift_-0.0300_gt_0.0300;persistent_block_median_ratio_recent_1.1310_gt_1.1000;persistent_drift_-0.0300_gt_0.0300
quiczigperf	download	syscall	loopback	1	throughput_gbps	combined	40	8	10.581867	10.374008	11.099805	0.068589	10.323460	11.303989	1.094981	10.221380	9.431858	insufficient_order_stat_support	0.025659	1.140178	-0.030023	0.428154	0	not_ready_high_variance	p50_ci_width_0.0686_gt_0.0300;block_median_ratio_1.1402_gt_1.1000;drift_-0.0300_gt_0.0300;persistent_block_median_ratio_recent_1.1310_gt_1.1000;persistent_drift_-0.0300_gt_0.0300
quiczigperf	upload	iouring	loopback	1	throughput_gbps	discovery	55	11	8.250918	8.189098	8.386297	0.023900	8.068381	8.463027	1.048913	7.956999	7.603462	insufficient_order_stat_support	0.020578	1.082932	-0.001311	-0.101550	0	ready	
quiczigperf	upload	iouring	loopback	1	throughput_gbps	confirm	10	2	8.133212	7.935032	8.262157	0.040221	7.913865	8.272831	1.045359	7.821380	7.758082	insufficient_order_stat_support	0.023327	1.041225	0.000000	0.500072	0	not_ready_max_samples	p50_ci_width_0.0402_gt_0.0300
quiczigperf	upload	iouring	loopback	1	throughput_gbps	combined	65	13	8.248596	8.131139	8.335197	0.024739	8.022629	8.431397	1.050952	7.902862	7.627851	insufficient_order_stat_support	0.019302	1.088071	0.008683	-0.000539	0	ready	
quiczigperf	upload	iouring	loopback	2	throughput_gbps	discovery	20	4	8.150475	8.108699	8.231258	0.015037	8.052829	8.355849	1.037629	8.021490	7.942405	insufficient_order_stat_support	0.013261	1.019012	0.011670	-0.313806	0	ready	
quiczigperf	upload	iouring	loopback	2	throughput_gbps	confirm	10	2	7.986344	7.880759	8.059812	0.022420	7.818347	8.119798	1.038557	7.755907	7.681600	insufficient_order_stat_support	0.017360	1.022720	0.000000	-0.267572	0	ready	
quiczigperf	upload	iouring	loopback	2	throughput_gbps	combined	30	6	8.109318	8.025699	8.168171	0.017569	7.974840	8.325769	1.044005	7.875850	7.699948	insufficient_order_stat_support	0.013383	1.048357	0.013444	0.036003	0	ready	
quiczigperf	upload	syscall	loopback	1	throughput_gbps	discovery	120	24	10.397747	10.343401	10.519416	0.016928	10.128430	11.038399	1.089843	9.959619	9.248433	insufficient_order_stat_support	0.030974	1.170704	0.003743	0.246806	0	not_ready_max_samples	block_median_ratio_1.1707_gt_1.1000
quiczigperf	upload	syscall	loopback	1	throughput_gbps	combined	120	24	10.397747	10.343401	10.519416	0.016928	10.128430	11.038399	1.089843	9.959619	9.248433	insufficient_order_stat_support	0.030974	1.170704	0.003743	0.246806	0	not_ready_max_samples	block_median_ratio_1.1707_gt_1.1000
quinnperf	connect	iouring	loopback	1	connections_per_second	discovery	30	6	1659.793804	1432.176421	1712.257820	0.168745	1426.326787	1734.803711	1.216274	1397.828351	1371.896130	insufficient_order_stat_support	0.080515	1.286040	-0.151566	0.307902	0	not_ready_high_variance	p50_ci_width_0.1687_gt_0.0500;p80_p20_1.2163_gt_1.1500;block_median_ratio_1.2860_gt_1.1000;drift_-0.1516_gt_0.0300;severe_block_median_ratio_1.2860_gt_1.2500;severe_drift_-0.1516_gt_0.0800
quinnperf	connect	iouring	loopback	1	connections_per_second	combined	30	6	1659.793804	1432.176421	1712.257820	0.168745	1426.326787	1734.803711	1.216274	1397.828351	1371.896130	insufficient_order_stat_support	0.080515	1.286040	-0.151566	0.307902	0	not_ready_high_variance	p50_ci_width_0.1687_gt_0.0500;p80_p20_1.2163_gt_1.1500;block_median_ratio_1.2860_gt_1.1000;drift_-0.1516_gt_0.0300;severe_block_median_ratio_1.2860_gt_1.2500;severe_drift_-0.1516_gt_0.0800
quinnperf	connect	syscall	loopback	1	connections_per_second	discovery	40	8	1415.015595	1317.090968	1435.811201	0.083900	1224.140336	1481.188791	1.209983	1177.833203	1010.869683	insufficient_order_stat_support	0.077247	1.204618	-0.012433	0.185586	0	not_ready_high_variance	p50_ci_width_0.0839_gt_0.0500;p80_p20_1.2100_gt_1.1500;block_median_ratio_1.2046_gt_1.1000;persistent_block_median_ratio_recent_1.2046_gt_1.1000;persistent_p80_p20_recent_1.1915_gt_1.1500
quinnperf	connect	syscall	loopback	1	connections_per_second	combined	40	8	1415.015595	1317.090968	1435.811201	0.083900	1224.140336	1481.188791	1.209983	1177.833203	1010.869683	insufficient_order_stat_support	0.077247	1.204618	-0.012433	0.185586	0	not_ready_high_variance	p50_ci_width_0.0839_gt_0.0500;p80_p20_1.2100_gt_1.1500;block_median_ratio_1.2046_gt_1.1000;persistent_block_median_ratio_recent_1.2046_gt_1.1000;persistent_p80_p20_recent_1.1915_gt_1.1500
quinnperf	download	iouring	loopback	1	throughput_gbps	discovery	20	4	3.697971	3.658714	3.763203	0.028256	3.636008	3.772323	1.037490	3.602782	3.602208	insufficient_order_stat_support	0.014871	1.031008	0.001560	0.267424	0	ready	
quinnperf	download	iouring	loopback	1	throughput_gbps	confirm	10	2	3.592008	3.565649	3.711235	0.040531	3.563626	3.719940	1.043864	3.555272	3.553153	insufficient_order_stat_support	0.008746	1.040830	0.000000	0.185611	0	not_ready_max_samples	p50_ci_width_0.0405_gt_0.0300
quinnperf	download	iouring	loopback	1	throughput_gbps	combined	30	6	3.661887	3.594318	3.731336	0.037417	3.600611	3.758241	1.043779	3.583014	3.553677	insufficient_order_stat_support	0.018342	1.057918	0.012599	0.325536	0	warning_noisy	p50_ci_width_0.0374_gt_0.0300
quinnperf	download	iouring	loopback	2	throughput_gbps	discovery	20	4	6.807682	6.739346	6.914559	0.025738	6.744119	6.921382	1.026284	6.727270	6.653588	insufficient_order_stat_support	0.009600	1.031901	-0.011826	0.122462	0	ready	
quinnperf	download	iouring	loopback	2	throughput_gbps	confirm	10	2	6.738046	6.699927	6.756291	0.008365	6.665974	6.773202	1.016086	6.658241	6.607712	insufficient_order_stat_support	0.008149	1.008413	0.000000	-0.225320	0	ready	
quinnperf	download	iouring	loopback	2	throughput_gbps	combined	30	6	6.775672	6.736604	6.907429	0.025212	6.723610	6.908855	1.027551	6.666161	6.616054	insufficient_order_stat_support	0.008165	1.037127	0.003105	0.129995	0	ready	
quinnperf	download	iouring	loopback	3	throughput_gbps	discovery	20	4	6.627610	6.578254	6.687405	0.016469	6.567433	6.708654	1.021503	6.539753	6.502753	insufficient_order_stat_support	0.009306	1.020203	-0.012561	-0.103229	0	ready	
quinnperf	download	iouring	loopback	3	throughput_gbps	confirm	10	2	6.647023	6.621027	6.685029	0.009629	6.590551	6.685741	1.014443	6.570349	6.527418	insufficient_order_stat_support	0.005986	1.009666	0.000000	-0.367878	0	ready	
quinnperf	download	iouring	loopback	3	throughput_gbps	combined	30	6	6.637827	6.584017	6.680693	0.014564	6.571679	6.705742	1.020400	6.539753	6.503878	insufficient_order_stat_support	0.008737	1.020203	-0.007586	-0.181781	0	ready	
quinnperf	download	syscall	loopback	1	throughput_gbps	discovery	20	4	3.461211	3.453984	3.468257	0.004124	3.429121	3.572831	1.041909	3.411700	3.363332	insufficient_order_stat_support	0.009521	1.004132	0.001684	0.255024	0	ready	
quinnperf	download	syscall	loopback	1	throughput_gbps	confirm	10	2	3.450275	3.431647	3.527595	0.027809	3.423531	3.559509	1.039719	3.386949	3.353589	insufficient_order_stat_support	0.019785	1.027960	0.000000	-0.091098	0	ready	
quinnperf	download	syscall	loopback	1	throughput_gbps	combined	30	6	3.460820	3.448977	3.470741	0.006289	3.429027	3.559509	1.038052	3.402360	3.351042	insufficient_order_stat_support	0.011431	1.027960	-0.000758	0.141954	0	ready	
quinnperf	download	syscall	loopback	2	throughput_gbps	discovery	20	4	7.100926	6.996351	7.152444	0.021982	6.939972	7.183775	1.035130	6.851243	6.819450	insufficient_order_stat_support	0.014727	1.030956	-0.015977	0.363007	0	ready	
quinnperf	download	syscall	loopback	2	throughput_gbps	confirm	10	2	7.227189	7.104771	7.315764	0.029194	6.976716	7.443946	1.066970	6.942761	6.760070	insufficient_order_stat_support	0.027177	1.029697	0.000000	-0.206993	0	ready	
quinnperf	download	syscall	loopback	2	throughput_gbps	combined	30	6	7.111073	6.999735	7.219316	0.030879	6.963166	7.240357	1.039808	6.851243	6.762370	insufficient_order_stat_support	0.016555	1.046160	-0.015951	0.082147	0	warning_noisy	p50_ci_width_0.0309_gt_0.0300
quinnperf	download	syscall	loopback	3	throughput_gbps	discovery	20	4	7.026958	6.991300	7.068927	0.011047	6.968294	7.122930	1.022191	6.917327	6.865939	insufficient_order_stat_support	0.007514	1.015148	-0.004048	0.122931	0	ready	
quinnperf	download	syscall	loopback	3	throughput_gbps	confirm	10	2	7.202856	7.140258	7.293262	0.021242	7.123222	7.305004	1.025520	7.108655	7.098146	insufficient_order_stat_support	0.011573	1.021428	0.000000	0.003930	0	ready	
quinnperf	download	syscall	loopback	3	throughput_gbps	combined	30	6	7.086849	7.012026	7.141644	0.018290	6.998965	7.213230	1.030614	6.953073	6.871677	insufficient_order_stat_support	0.010558	1.046211	-0.011082	0.400334	0	ready	
quinnperf	upload	iouring	loopback	1	throughput_gbps	discovery	40	8	3.902513	3.795857	3.944224	0.038018	3.777790	3.952297	1.046193	3.736974	3.683735	insufficient_order_stat_support	0.013834	1.057187	0.033034	0.506687	0	not_ready_high_variance	p50_ci_width_0.0380_gt_0.0300;drift_0.0330_gt_0.0300;persistent_drift_0.0330_gt_0.0300
quinnperf	upload	iouring	loopback	1	throughput_gbps	combined	40	8	3.902513	3.795857	3.944224	0.038018	3.777790	3.952297	1.046193	3.736974	3.683735	insufficient_order_stat_support	0.013834	1.057187	0.033034	0.506687	0	not_ready_high_variance	p50_ci_width_0.0380_gt_0.0300;drift_0.0330_gt_0.0300;persistent_drift_0.0330_gt_0.0300
quinnperf	upload	syscall	loopback	1	throughput_gbps	discovery	35	7	3.731922	3.696728	3.799116	0.027436	3.675741	3.815796	1.038102	3.638607	3.586117	insufficient_order_stat_support	0.014282	1.049494	-0.012965	0.376518	0	ready	
quinnperf	upload	syscall	loopback	1	throughput_gbps	confirm	10	2	3.700799	3.672763	3.730933	0.015718	3.670597	3.731013	1.016459	3.661427	3.657311	insufficient_order_stat_support	0.007859	1.015838	0.000000	0.202059	0	ready	
quinnperf	upload	syscall	loopback	1	throughput_gbps	combined	45	9	3.717975	3.696728	3.755232	0.015735	3.671053	3.804860	1.036449	3.648924	3.587237	insufficient_order_stat_support	0.012160	1.049494	0.010773	0.390371	0	ready	
quinnperf	upload	syscall	loopback	2	throughput_gbps	discovery	20	4	3.550058	3.524134	3.585637	0.017325	3.501585	3.589061	1.024982	3.457997	3.424954	insufficient_order_stat_support	0.010785	1.018127	0.002488	0.357180	0	ready	
quinnperf	upload	syscall	loopback	2	throughput_gbps	confirm	10	2	3.626867	3.618784	3.662508	0.012056	3.495142	3.664103	1.048342	3.399369	3.345185	insufficient_order_stat_support	0.010927	1.012083	0.000000	-0.324333	0	ready	
quinnperf	upload	syscall	loopback	2	throughput_gbps	combined	30	6	3.569724	3.544190	3.607885	0.017843	3.501585	3.624989	1.035242	3.442040	3.358564	insufficient_order_stat_support	0.014801	1.039265	-0.019952	-0.097482	0	ready	
s2nperf	connect	iouring	loopback	1	connections_per_second	discovery	30	6	1277.990440	1152.250096	1298.159567	0.114171	1143.054403	1324.595676	1.158821	1087.639361	1064.682081	insufficient_order_stat_support	0.042531	1.213573	0.126444	0.300916	0	not_ready_high_variance	p50_ci_width_0.1142_gt_0.0500;p80_p20_1.1588_gt_1.1500;block_median_ratio_1.2136_gt_1.1000;drift_0.1264_gt_0.0300;severe_drift_0.1264_gt_0.0800
s2nperf	connect	iouring	loopback	1	connections_per_second	combined	30	6	1277.990440	1152.250096	1298.159567	0.114171	1143.054403	1324.595676	1.158821	1087.639361	1064.682081	insufficient_order_stat_support	0.042531	1.213573	0.126444	0.300916	0	not_ready_high_variance	p50_ci_width_0.1142_gt_0.0500;p80_p20_1.1588_gt_1.1500;block_median_ratio_1.2136_gt_1.1000;drift_0.1264_gt_0.0300;severe_drift_0.1264_gt_0.0800
s2nperf	connect	syscall	loopback	1	connections_per_second	discovery	30	6	1044.917095	956.342945	1104.595227	0.141879	897.525491	1126.047487	1.254613	839.445511	623.344854	insufficient_order_stat_support	0.079961	1.243772	0.089297	0.158383	0	not_ready_high_variance	p50_ci_width_0.1419_gt_0.0500;p80_p20_1.2546_gt_1.1500;block_median_ratio_1.2438_gt_1.1000;drift_0.0893_gt_0.0300;severe_drift_0.0893_gt_0.0800
s2nperf	connect	syscall	loopback	1	connections_per_second	combined	30	6	1044.917095	956.342945	1104.595227	0.141879	897.525491	1126.047487	1.254613	839.445511	623.344854	insufficient_order_stat_support	0.079961	1.243772	0.089297	0.158383	0	not_ready_high_variance	p50_ci_width_0.1419_gt_0.0500;p80_p20_1.2546_gt_1.1500;block_median_ratio_1.2438_gt_1.1000;drift_0.0893_gt_0.0300;severe_drift_0.0893_gt_0.0800
s2nperf	download	iouring	loopback	1	throughput_gbps	discovery	25	5	5.248734	5.197564	5.350083	0.029058	5.064423	5.429052	1.071998	5.031137	4.751096	insufficient_order_stat_support	0.029854	1.054304	-0.022069	0.185027	0	ready	
s2nperf	download	iouring	loopback	1	throughput_gbps	combined	25	5	5.248734	5.197564	5.350083	0.029058	5.064423	5.429052	1.071998	5.031137	4.751096	insufficient_order_stat_support	0.029854	1.054304	-0.022069	0.185027	0	ready	
s2nperf	download	iouring	loopback	2	throughput_gbps	discovery	20	4	6.115240	6.107600	6.139757	0.005259	6.078175	6.148078	1.011501	6.025759	6.018496	insufficient_order_stat_support	0.004831	1.006600	0.004584	-0.089994	0	ready	
s2nperf	download	iouring	loopback	2	throughput_gbps	combined	20	4	6.115240	6.107600	6.139757	0.005259	6.078175	6.148078	1.011501	6.025759	6.018496	insufficient_order_stat_support	0.004831	1.006600	0.004584	-0.089994	0	ready	
s2nperf	download	iouring	loopback	3	throughput_gbps	discovery	25	5	6.180034	6.137052	6.258500	0.019652	6.126517	6.286042	1.026038	6.104608	5.267520	insufficient_order_stat_support	0.012016	1.028413	0.002766	-0.106904	0	ready	
s2nperf	download	iouring	loopback	3	throughput_gbps	combined	25	5	6.180034	6.137052	6.258500	0.019652	6.126517	6.286042	1.026038	6.104608	5.267520	insufficient_order_stat_support	0.012016	1.028413	0.002766	-0.106904	0	ready	
s2nperf	download	iouring	loopback	4	throughput_gbps	discovery	20	4	6.409969	6.354558	6.475304	0.018837	6.347053	6.484354	1.021632	6.312714	6.263169	insufficient_order_stat_support	0.009375	1.029156	0.004645	0.293476	0	ready	
s2nperf	download	iouring	loopback	4	throughput_gbps	combined	20	4	6.409969	6.354558	6.475304	0.018837	6.347053	6.484354	1.021632	6.312714	6.263169	insufficient_order_stat_support	0.009375	1.029156	0.004645	0.293476	0	ready	
s2nperf	download	iouring	loopback	5	throughput_gbps	discovery	40	8	6.357693	6.211882	6.413457	0.031706	6.145306	6.429000	1.046164	5.708889	4.711434	insufficient_order_stat_support	0.016755	1.124466	-0.014430	0.365807	1	not_ready_high_variance	p50_ci_width_0.0317_gt_0.0300;block_median_ratio_1.1245_gt_1.1000;outliers_1;persistent_outliers_1
s2nperf	download	iouring	loopback	5	throughput_gbps	combined	40	8	6.357693	6.211882	6.413457	0.031706	6.145306	6.429000	1.046164	5.708889	4.711434	insufficient_order_stat_support	0.016755	1.124466	-0.014430	0.365807	1	not_ready_high_variance	p50_ci_width_0.0317_gt_0.0300;block_median_ratio_1.1245_gt_1.1000;outliers_1;persistent_outliers_1
s2nperf	download	syscall	loopback	1	throughput_gbps	discovery	45	9	5.780031	5.730440	5.868636	0.023909	5.686183	5.944086	1.045356	5.572560	5.364060	insufficient_order_stat_support	0.015605	1.082976	-0.006057	0.282174	0	ready	
s2nperf	download	syscall	loopback	1	throughput_gbps	combined	45	9	5.780031	5.730440	5.868636	0.023909	5.686183	5.944086	1.045356	5.572560	5.364060	insufficient_order_stat_support	0.015605	1.082976	-0.006057	0.282174	0	ready	
s2nperf	download	syscall	loopback	2	throughput_gbps	discovery	35	7	6.201590	6.119142	6.289629	0.027491	6.090434	6.306548	1.035484	6.037665	5.106464	insufficient_order_stat_support	0.014207	1.046645	-0.018937	0.100649	0	ready	
s2nperf	download	syscall	loopback	2	throughput_gbps	combined	35	7	6.201590	6.119142	6.289629	0.027491	6.090434	6.306548	1.035484	6.037665	5.106464	insufficient_order_stat_support	0.014207	1.046645	-0.018937	0.100649	0	ready	
s2nperf	download	syscall	loopback	3	throughput_gbps	discovery	40	8	6.429073	6.369615	6.490059	0.018734	6.308410	6.509514	1.031879	6.256863	5.353820	insufficient_order_stat_support	0.012388	1.035937	-0.003434	-0.053216	0	ready	
s2nperf	download	syscall	loopback	3	throughput_gbps	combined	40	8	6.429073	6.369615	6.490059	0.018734	6.308410	6.509514	1.031879	6.256863	5.353820	insufficient_order_stat_support	0.012388	1.035937	-0.003434	-0.053216	0	ready	
s2nperf	download	syscall	loopback	4	throughput_gbps	discovery	30	6	6.445904	6.317288	6.478163	0.024958	5.439638	6.534595	1.201292	4.385737	2.835833	insufficient_order_stat_support	0.017368	1.166314	0.010824	0.213485	4	not_ready_high_variance	p80_p20_1.2013_gt_1.1500;block_median_ratio_1.1663_gt_1.1000;outliers_4;severe_outlier_blocks_3_gte_2
s2nperf	download	syscall	loopback	4	throughput_gbps	combined	30	6	6.445904	6.317288	6.478163	0.024958	5.439638	6.534595	1.201292	4.385737	2.835833	insufficient_order_stat_support	0.017368	1.166314	0.010824	0.213485	4	not_ready_high_variance	p80_p20_1.2013_gt_1.1500;block_median_ratio_1.1663_gt_1.1000;outliers_4;severe_outlier_blocks_3_gte_2
s2nperf	upload	iouring	loopback	1	throughput_gbps	discovery	30	6	5.451128	5.111255	5.624927	0.094232	4.972536	5.644956	1.135227	4.791091	3.990158	insufficient_order_stat_support	0.040299	1.164550	0.109335	0.272900	0	not_ready_high_variance	p50_ci_width_0.0942_gt_0.0300;block_median_ratio_1.1645_gt_1.1000;drift_0.1093_gt_0.0300;severe_drift_0.1093_gt_0.0800
s2nperf	upload	iouring	loopback	1	throughput_gbps	combined	30	6	5.451128	5.111255	5.624927	0.094232	4.972536	5.644956	1.135227	4.791091	3.990158	insufficient_order_stat_support	0.040299	1.164550	0.109335	0.272900	0	not_ready_high_variance	p50_ci_width_0.0942_gt_0.0300;block_median_ratio_1.1645_gt_1.1000;drift_0.1093_gt_0.0300;severe_drift_0.1093_gt_0.0800
s2nperf	upload	syscall	loopback	1	throughput_gbps	discovery	20	4	5.543216	5.471489	5.562169	0.016359	5.437569	5.607493	1.031250	5.425695	5.388989	insufficient_order_stat_support	0.012750	1.016810	-0.000674	0.163561	0	ready	
s2nperf	upload	syscall	loopback	1	throughput_gbps	confirm	10	2	5.724004	5.622908	5.874801	0.044006	5.571431	5.883281	1.055973	5.360671	5.321356	insufficient_order_stat_support	0.022003	1.044798	0.000000	0.228413	0	not_ready_max_samples	p50_ci_width_0.0440_gt_0.0300
s2nperf	upload	syscall	loopback	1	throughput_gbps	combined	30	6	5.562169	5.494871	5.667849	0.031099	5.437569	5.699305	1.048135	5.406769	5.331064	insufficient_order_stat_support	0.019282	1.073712	0.002874	0.324910	0	warning_noisy	p50_ci_width_0.0311_gt_0.0300
s2nperf	upload	syscall	loopback	2	throughput_gbps	discovery	20	4	7.356824	7.219465	7.381225	0.021988	7.218138	7.425730	1.028760	7.190474	7.058647	insufficient_order_stat_support	0.011323	1.023346	0.017520	-0.112170	0	ready	
s2nperf	upload	syscall	loopback	2	throughput_gbps	confirm	10	2	7.260229	7.129987	7.497786	0.050659	7.108374	7.498201	1.054841	7.010058	6.913965	insufficient_order_stat_support	0.030292	1.051585	0.000000	0.252851	0	not_ready_max_samples	p50_ci_width_0.0507_gt_0.0300
s2nperf	upload	syscall	loopback	2	throughput_gbps	combined	30	6	7.328881	7.212831	7.381225	0.022977	7.189528	7.456196	1.037091	7.119960	6.937692	insufficient_order_stat_support	0.015579	1.051585	0.020370	0.130745	0	ready	
s2nperf	upload	syscall	loopback	3	throughput_gbps	discovery	30	6	7.154943	7.023082	7.214816	0.026797	7.004578	7.272277	1.038218	6.900928	6.645972	insufficient_order_stat_support	0.016251	1.052913	-0.009141	0.531494	0	ready	
s2nperf	upload	syscall	loopback	3	throughput_gbps	confirm	10	2	6.946450	6.934594	6.997667	0.009080	6.843776	7.135140	1.042574	6.802812	6.727270	insufficient_order_stat_support	0.016489	1.009095	0.000000	-0.300768	0	ready	
s2nperf	upload	syscall	loopback	3	throughput_gbps	combined	40	8	7.134953	6.976131	7.197039	0.030961	6.921852	7.263526	1.049362	6.851498	6.623615	insufficient_order_stat_support	0.019188	1.052913	0.029319	0.369960	0	warning_noisy	p50_ci_width_0.0310_gt_0.0300
tcpperf	connect	syscall	loopback	1	connections_per_second	discovery	30	6	1929.634593	1847.872083	1993.535285	0.075487	1701.657885	2076.358109	1.220197	1585.865125	1435.530652	insufficient_order_stat_support	0.049630	1.253521	0.037796	0.132846	0	not_ready_high_variance	p50_ci_width_0.0755_gt_0.0500;p80_p20_1.2202_gt_1.1500;block_median_ratio_1.2535_gt_1.1000;drift_0.0378_gt_0.0300;severe_block_median_ratio_1.2535_gt_1.2500
tcpperf	connect	syscall	loopback	1	connections_per_second	combined	30	6	1929.634593	1847.872083	1993.535285	0.075487	1701.657885	2076.358109	1.220197	1585.865125	1435.530652	insufficient_order_stat_support	0.049630	1.253521	0.037796	0.132846	0	not_ready_high_variance	p50_ci_width_0.0755_gt_0.0500;p80_p20_1.2202_gt_1.1500;block_median_ratio_1.2535_gt_1.1000;drift_0.0378_gt_0.0300;severe_block_median_ratio_1.2535_gt_1.2500
tcpperf	download	syscall	loopback	1	throughput_gbps	discovery	30	6	39.082230	34.298214	48.907499	0.373809	32.256500	48.452151	1.502090	30.446233	26.092074	insufficient_order_stat_support	0.193817	1.557934	-0.118818	0.394287	0	not_ready_high_variance	p50_ci_width_0.3738_gt_0.0300;p80_p20_1.5021_gt_1.1500;block_median_ratio_1.5579_gt_1.1000;drift_-0.1188_gt_0.0300;severe_block_median_ratio_1.5579_gt_1.2500;severe_p80_p20_1.5021_gt_1.5000;severe_drift_-0.1188_gt_0.0800
tcpperf	download	syscall	loopback	1	throughput_gbps	combined	30	6	39.082230	34.298214	48.907499	0.373809	32.256500	48.452151	1.502090	30.446233	26.092074	insufficient_order_stat_support	0.193817	1.557934	-0.118818	0.394287	0	not_ready_high_variance	p50_ci_width_0.3738_gt_0.0300;p80_p20_1.5021_gt_1.1500;block_median_ratio_1.5579_gt_1.1000;drift_-0.1188_gt_0.0300;severe_block_median_ratio_1.5579_gt_1.2500;severe_p80_p20_1.5021_gt_1.5000;severe_drift_-0.1188_gt_0.0800
tcpperf	upload	syscall	loopback	1	throughput_gbps	discovery	30	6	36.643131	31.412933	40.976223	0.260985	29.729398	42.075944	1.415298	28.742239	26.636003	insufficient_order_stat_support	0.144698	1.603154	-0.081257	0.190153	0	not_ready_high_variance	p50_ci_width_0.2610_gt_0.0300;p80_p20_1.4153_gt_1.1500;block_median_ratio_1.6032_gt_1.1000;drift_-0.0813_gt_0.0300;severe_block_median_ratio_1.6032_gt_1.2500;severe_drift_-0.0813_gt_0.0800
tcpperf	upload	syscall	loopback	1	throughput_gbps	combined	30	6	36.643131	31.412933	40.976223	0.260985	29.729398	42.075944	1.415298	28.742239	26.636003	insufficient_order_stat_support	0.144698	1.603154	-0.081257	0.190153	0	not_ready_high_variance	p50_ci_width_0.2610_gt_0.0300;p80_p20_1.4153_gt_1.1500;block_median_ratio_1.6032_gt_1.1000;drift_-0.0813_gt_0.0300;severe_block_median_ratio_1.6032_gt_1.2500;severe_drift_-0.0813_gt_0.0800
tquicperf	connect	iouring	loopback	1	connections_per_second	discovery	40	8	1472.467688	1326.486892	1530.120228	0.138294	1267.391751	1558.624269	1.229789	1223.165303	670.297572	insufficient_order_stat_support	0.073754	1.256733	0.049675	0.039819	0	not_ready_high_variance	p50_ci_width_0.1383_gt_0.0500;p80_p20_1.2298_gt_1.1500;block_median_ratio_1.2567_gt_1.1000;drift_0.0497_gt_0.0300;severe_block_median_ratio_1.2567_gt_1.2500
tquicperf	connect	iouring	loopback	1	connections_per_second	combined	40	8	1472.467688	1326.486892	1530.120228	0.138294	1267.391751	1558.624269	1.229789	1223.165303	670.297572	insufficient_order_stat_support	0.073754	1.256733	0.049675	0.039819	0	not_ready_high_variance	p50_ci_width_0.1383_gt_0.0500;p80_p20_1.2298_gt_1.1500;block_median_ratio_1.2567_gt_1.1000;drift_0.0497_gt_0.0300;severe_block_median_ratio_1.2567_gt_1.2500
tquicperf	connect	syscall	loopback	1	connections_per_second	discovery	30	6	1018.601335	925.007770	1053.179232	0.125831	857.328835	1070.457340	1.248596	829.734248	707.426611	insufficient_order_stat_support	0.059009	1.299376	-0.044912	-0.016012	0	not_ready_high_variance	p50_ci_width_0.1258_gt_0.0500;p80_p20_1.2486_gt_1.1500;block_median_ratio_1.2994_gt_1.1000;drift_-0.0449_gt_0.0300;severe_block_median_ratio_1.2994_gt_1.2500
tquicperf	connect	syscall	loopback	1	connections_per_second	combined	30	6	1018.601335	925.007770	1053.179232	0.125831	857.328835	1070.457340	1.248596	829.734248	707.426611	insufficient_order_stat_support	0.059009	1.299376	-0.044912	-0.016012	0	not_ready_high_variance	p50_ci_width_0.1258_gt_0.0500;p80_p20_1.2486_gt_1.1500;block_median_ratio_1.2994_gt_1.1000;drift_-0.0449_gt_0.0300;severe_block_median_ratio_1.2994_gt_1.2500
tquicperf	download	iouring	loopback	1	throughput_gbps	discovery	50	10	8.606026	8.519316	8.764723	0.028516	8.456123	8.838455	1.045214	8.307324	7.914375	insufficient_order_stat_support	0.017990	1.094052	0.000039	0.294452	0	ready	
tquicperf	download	iouring	loopback	1	throughput_gbps	confirm	10	2	8.933300	8.910679	9.182365	0.030413	8.855729	9.193798	1.038175	8.673417	8.450500	insufficient_order_stat_support	0.025110	1.030490	0.000000	0.183428	0	not_ready_max_samples	p50_ci_width_0.0304_gt_0.0300
tquicperf	download	iouring	loopback	1	throughput_gbps	combined	60	12	8.663711	8.551986	8.863903	0.036003	8.471064	8.922088	1.053243	8.349883	7.925109	insufficient_order_stat_support	0.021490	1.111900	-0.016669	0.417089	0	not_ready_nonstationary	p50_ci_width_0.0360_gt_0.0300;block_median_ratio_1.1119_gt_1.1000
tquicperf	download	iouring	loopback	2	throughput_gbps	discovery	20	4	9.041194	8.951186	9.196113	0.027090	8.825056	9.244944	1.047579	8.621235	8.092539	insufficient_order_stat_support	0.018122	1.033886	-0.019204	0.131992	0	ready	
tquicperf	download	iouring	loopback	2	throughput_gbps	confirm	10	2	8.591670	8.352745	8.761820	0.047613	8.203980	9.066743	1.105164	7.838003	6.684600	insufficient_order_stat_support	0.051851	1.048975	0.000000	-0.070964	0	not_ready_max_samples	p50_ci_width_0.0476_gt_0.0300
tquicperf	download	iouring	loopback	2	throughput_gbps	combined	30	6	9.011717	8.808143	9.147209	0.037625	8.407764	9.192723	1.093361	8.233573	6.969391	insufficient_order_stat_support	0.024998	1.106102	0.023325	0.127123	0	not_ready_nonstationary	p50_ci_width_0.0376_gt_0.0300;block_median_ratio_1.1061_gt_1.1000
tquicperf	download	iouring	loopback	3	throughput_gbps	discovery	20	4	9.183139	9.012553	9.233584	0.024069	8.793336	9.260929	1.053176	8.730872	8.652973	insufficient_order_stat_support	0.013834	1.028998	0.012122	-0.122755	0	ready	
tquicperf	download	iouring	loopback	3	throughput_gbps	confirm	10	2	9.008567	8.643686	9.351591	0.078581	8.636880	9.363640	1.084146	8.602252	8.542290	insufficient_order_stat_support	0.039291	1.081899	0.000000	0.529723	0	not_ready_max_samples	p50_ci_width_0.0786_gt_0.0300
tquicperf	download	iouring	loopback	3	throughput_gbps	combined	30	6	9.128902	8.986218	9.277724	0.031932	8.744576	9.304694	1.064053	8.651222	8.557096	insufficient_order_stat_support	0.020492	1.081899	0.027493	0.284857	0	warning_noisy	p50_ci_width_0.0319_gt_0.0300
tquicperf	download	iouring	loopback	4	throughput_gbps	discovery	40	8	8.931076	8.852496	9.079184	0.025382	8.760753	9.165977	1.046254	8.712369	7.665431	insufficient_order_stat_support	0.019151	1.057213	0.003197	0.299591	0	ready	
tquicperf	download	iouring	loopback	4	throughput_gbps	confirm	10	2	9.124562	9.081077	9.219226	0.015140	9.039982	9.222324	1.020171	8.999947	8.987615	insufficient_order_stat_support	0.009294	1.015213	0.000000	0.280532	0	ready	
tquicperf	download	iouring	loopback	4	throughput_gbps	combined	50	10	9.010425	8.888095	9.103998	0.023961	8.783692	9.172739	1.044292	8.743842	7.800785	insufficient_order_stat_support	0.017500	1.057213	-0.024204	0.346283	0	ready	
tquicperf	download	syscall	loopback	1	throughput_gbps	discovery	30	6	10.551429	10.004701	11.278412	0.120715	9.953118	11.300250	1.135348	9.920249	9.654503	insufficient_order_stat_support	0.053923	1.173165	-0.100401	0.616768	0	not_ready_high_variance	p50_ci_width_0.1207_gt_0.0300;block_median_ratio_1.1732_gt_1.1000;drift_-0.1004_gt_0.0300;severe_drift_-0.1004_gt_0.0800
tquicperf	download	syscall	loopback	1	throughput_gbps	combined	30	6	10.551429	10.004701	11.278412	0.120715	9.953118	11.300250	1.135348	9.920249	9.654503	insufficient_order_stat_support	0.053923	1.173165	-0.100401	0.616768	0	not_ready_high_variance	p50_ci_width_0.1207_gt_0.0300;block_median_ratio_1.1732_gt_1.1000;drift_-0.1004_gt_0.0300;severe_drift_-0.1004_gt_0.0800
tquicperf	upload	iouring	loopback	1	throughput_gbps	discovery	20	4	7.840402	7.730680	7.910909	0.022987	7.601126	7.928827	1.043112	7.482370	6.934969	insufficient_order_stat_support	0.014706	1.049502	0.024028	0.242566	0	ready	
tquicperf	upload	iouring	loopback	1	throughput_gbps	confirm	10	2	7.901103	7.864219	7.948317	0.010644	7.541635	8.121771	1.076924	7.434796	7.175182	insufficient_order_stat_support	0.032098	1.010694	0.000000	-0.058621	0	ready	
tquicperf	upload	iouring	loopback	1	throughput_gbps	combined	30	6	7.851718	7.832368	7.924449	0.011727	7.550879	8.020363	1.062176	7.464952	6.910841	insufficient_order_stat_support	0.020477	1.049502	0.003317	0.110230	0	ready	
tquicperf	upload	iouring	loopback	2	throughput_gbps	discovery	25	5	11.599975	11.472222	11.688227	0.018621	11.393654	11.977430	1.051237	11.197171	11.102386	insufficient_order_stat_support	0.018747	1.057499	0.016794	-0.376249	0	ready	
tquicperf	upload	iouring	loopback	2	throughput_gbps	confirm	10	2	11.914877	11.671231	12.566286	0.075121	11.609175	12.609085	1.086131	11.345171	11.217349	insufficient_order_stat_support	0.033470	1.076689	0.000000	-0.053430	0	not_ready_max_samples	p50_ci_width_0.0751_gt_0.0300
tquicperf	upload	iouring	loopback	2	throughput_gbps	combined	35	7	11.654139	11.564916	12.052552	0.041842	11.393654	12.093535	1.061427	11.242674	11.103600	insufficient_order_stat_support	0.023307	1.099852	-0.002999	-0.256921	0	warning_noisy	p50_ci_width_0.0418_gt_0.0300
tquicperf	upload	iouring	loopback	3	throughput_gbps	discovery	45	9	11.047147	10.840714	11.171221	0.029918	10.796265	11.438036	1.059444	10.641404	10.317872	insufficient_order_stat_support	0.022246	1.069753	0.015216	0.193441	0	ready	
tquicperf	upload	iouring	loopback	3	throughput_gbps	confirm	10	2	11.096702	11.088994	11.104411	0.001389	11.004188	11.415170	1.037348	10.982634	10.904322	insufficient_order_stat_support	0.013765	1.001390	0.000000	0.247133	0	ready	
tquicperf	upload	iouring	loopback	3	throughput_gbps	combined	55	11	11.076932	10.916774	11.171221	0.022971	10.834785	11.438036	1.055677	10.669576	10.323490	insufficient_order_stat_support	0.022201	1.069753	-0.001166	0.245390	0	ready	
tquicperf	upload	syscall	loopback	1	throughput_gbps	discovery	20	4	9.579245	9.461767	9.657393	0.020422	9.402682	10.291719	1.094551	9.384226	8.944796	insufficient_order_stat_support	0.018804	1.023270	0.010731	-0.058475	0	ready	
tquicperf	upload	syscall	loopback	1	throughput_gbps	confirm	10	2	9.581577	9.499701	9.663454	0.017090	9.382322	10.184466	1.085495	9.122922	9.020223	insufficient_order_stat_support	0.032599	1.017238	0.000000	0.070930	0	ready	
tquicperf	upload	syscall	loopback	1	throughput_gbps	combined	30	6	9.579245	9.487012	9.663454	0.018419	9.402682	10.207395	1.085583	9.350847	8.891752	insufficient_order_stat_support	0.019162	1.023270	-0.001722	-0.005971	0	ready	
tquicperf	upload	syscall	loopback	2	throughput_gbps	discovery	40	8	12.810323	12.634596	12.965139	0.025803	12.390088	13.079768	1.055664	12.236319	12.028110	insufficient_order_stat_support	0.021493	1.078183	0.025414	-0.053010	0	ready	
tquicperf	upload	syscall	loopback	2	throughput_gbps	confirm	10	2	13.092232	12.773732	14.122179	0.102996	12.711430	14.209669	1.117866	12.628424	12.432209	insufficient_order_stat_support	0.042827	1.105564	0.000000	0.461063	0	not_ready_max_samples	p50_ci_width_0.1030_gt_0.0300;block_median_ratio_1.1056_gt_1.1000
tquicperf	upload	syscall	loopback	2	throughput_gbps	combined	50	10	12.863108	12.652115	13.026115	0.029075	12.409074	13.105266	1.056103	12.290377	12.035394	insufficient_order_stat_support	0.019148	1.162686	0.011366	0.379362	0	not_ready_nonstationary	block_median_ratio_1.1627_gt_1.1000
tquicperf	upload	syscall	loopback	3	throughput_gbps	discovery	50	10	12.505422	12.330074	12.681731	0.028120	12.137555	12.794590	1.054132	12.007844	11.856182	insufficient_order_stat_support	0.019882	1.093426	0.006503	-0.038659	0	ready	
tquicperf	upload	syscall	loopback	3	throughput_gbps	confirm	10	2	12.625377	12.366037	13.250077	0.070021	12.347340	13.369783	1.082807	12.261488	12.171860	insufficient_order_stat_support	0.024243	1.071489	0.000000	0.616806	0	not_ready_max_samples	p50_ci_width_0.0700_gt_0.0300
tquicperf	upload	syscall	loopback	3	throughput_gbps	combined	60	12	12.507165	12.384408	12.698244	0.025093	12.159179	12.887534	1.059902	12.030872	11.862356	insufficient_order_stat_support	0.019936	1.103015	0.004180	0.100792	0	not_ready_nonstationary	block_median_ratio_1.1030_gt_1.1000
xquicperf	connect	iouring	loopback	1	connections_per_second	discovery	40	8	1400.646031	1298.836080	1468.640127	0.121233	1278.957040	1533.299487	1.198867	1250.829058	1225.455329	insufficient_order_stat_support	0.078644	1.195680	-0.018756	0.093063	0	not_ready_high_variance	p50_ci_width_0.1212_gt_0.0500;p80_p20_1.1989_gt_1.1500;block_median_ratio_1.1957_gt_1.1000;persistent_block_median_ratio_recent_1.1317_gt_1.1000;persistent_p80_p20_recent_1.1793_gt_1.1500
xquicperf	connect	iouring	loopback	1	connections_per_second	combined	40	8	1400.646031	1298.836080	1468.640127	0.121233	1278.957040	1533.299487	1.198867	1250.829058	1225.455329	insufficient_order_stat_support	0.078644	1.195680	-0.018756	0.093063	0	not_ready_high_variance	p50_ci_width_0.1212_gt_0.0500;p80_p20_1.1989_gt_1.1500;block_median_ratio_1.1957_gt_1.1000;persistent_block_median_ratio_recent_1.1317_gt_1.1000;persistent_p80_p20_recent_1.1793_gt_1.1500
xquicperf	connect	syscall	loopback	1	connections_per_second	discovery	40	8	994.184601	963.745475	1016.263261	0.052825	918.529436	1051.887020	1.145186	878.959550	593.998455	insufficient_order_stat_support	0.055368	1.153850	0.017381	0.110366	0	not_ready_high_variance	p50_ci_width_0.0528_gt_0.0500;block_median_ratio_1.1539_gt_1.1000;persistent_block_median_ratio_recent_1.1539_gt_1.1000
xquicperf	connect	syscall	loopback	1	connections_per_second	combined	40	8	994.184601	963.745475	1016.263261	0.052825	918.529436	1051.887020	1.145186	878.959550	593.998455	insufficient_order_stat_support	0.055368	1.153850	0.017381	0.110366	0	not_ready_high_variance	p50_ci_width_0.0528_gt_0.0500;block_median_ratio_1.1539_gt_1.1000;persistent_block_median_ratio_recent_1.1539_gt_1.1000
xquicperf	download	iouring	loopback	1	throughput_gbps	discovery	50	10	10.487924	10.297910	10.781439	0.046103	9.908177	10.950254	1.105174	9.562048	8.626638	insufficient_order_stat_support	0.040940	1.148416	0.042634	-0.019990	0	not_ready_high_variance	p50_ci_width_0.0461_gt_0.0300;block_median_ratio_1.1484_gt_1.1000;drift_0.0426_gt_0.0300;persistent_block_median_ratio_recent_1.1072_gt_1.1000;persistent_drift_0.0426_gt_0.0300
xquicperf	download	iouring	loopback	1	throughput_gbps	combined	50	10	10.487924	10.297910	10.781439	0.046103	9.908177	10.950254	1.105174	9.562048	8.626638	insufficient_order_stat_support	0.040940	1.148416	0.042634	-0.019990	0	not_ready_high_variance	p50_ci_width_0.0461_gt_0.0300;block_median_ratio_1.1484_gt_1.1000;drift_0.0426_gt_0.0300;persistent_block_median_ratio_recent_1.1072_gt_1.1000;persistent_drift_0.0426_gt_0.0300
xquicperf	download	syscall	loopback	1	throughput_gbps	discovery	30	6	11.748310	11.315165	11.995452	0.057905	11.250079	12.173135	1.082049	10.834831	10.653401	insufficient_order_stat_support	0.033689	1.119821	0.087641	0.387264	0	not_ready_high_variance	p50_ci_width_0.0579_gt_0.0300;block_median_ratio_1.1198_gt_1.1000;drift_0.0876_gt_0.0300;severe_drift_0.0876_gt_0.0800
xquicperf	download	syscall	loopback	1	throughput_gbps	combined	30	6	11.748310	11.315165	11.995452	0.057905	11.250079	12.173135	1.082049	10.834831	10.653401	insufficient_order_stat_support	0.033689	1.119821	0.087641	0.387264	0	not_ready_high_variance	p50_ci_width_0.0579_gt_0.0300;block_median_ratio_1.1198_gt_1.1000;drift_0.0876_gt_0.0300;severe_drift_0.0876_gt_0.0800
xquicperf	upload	iouring	loopback	1	throughput_gbps	discovery	60	12	10.331724	10.192490	10.483571	0.028174	9.763893	10.736720	1.099635	9.527024	8.192542	insufficient_order_stat_support	0.036804	1.132642	-0.001359	0.067950	0	not_ready_high_variance	block_median_ratio_1.1326_gt_1.1000;persistent_block_median_ratio_recent_1.1091_gt_1.1000
xquicperf	upload	iouring	loopback	1	throughput_gbps	combined	60	12	10.331724	10.192490	10.483571	0.028174	9.763893	10.736720	1.099635	9.527024	8.192542	insufficient_order_stat_support	0.036804	1.132642	-0.001359	0.067950	0	not_ready_high_variance	block_median_ratio_1.1326_gt_1.1000;persistent_block_median_ratio_recent_1.1091_gt_1.1000
xquicperf	upload	syscall	loopback	1	throughput_gbps	discovery	40	8	11.300708	10.964183	11.563436	0.053028	10.642467	11.994330	1.127025	10.308635	9.432769	insufficient_order_stat_support	0.044337	1.164156	0.063898	0.198651	0	not_ready_high_variance	p50_ci_width_0.0530_gt_0.0300;block_median_ratio_1.1642_gt_1.1000;drift_0.0639_gt_0.0300;persistent_drift_0.0639_gt_0.0300
xquicperf	upload	syscall	loopback	1	throughput_gbps	combined	40	8	11.300708	10.964183	11.563436	0.053028	10.642467	11.994330	1.127025	10.308635	9.432769	insufficient_order_stat_support	0.044337	1.164156	0.063898	0.198651	0	not_ready_high_variance	p50_ci_width_0.0530_gt_0.0300;block_median_ratio_1.1642_gt_1.1000;drift_0.0639_gt_0.0300;persistent_drift_0.0639_gt_0.0300
