scenario	network	path_profile	metric	binary_a	binary_b	a_p50	b_p50	a_vs_b_median_ratio	a_vs_b_ci95_low	a_vs_b_ci95_high	relation
connect	iouring	loopback	connections_per_second	lsperf	mvfstperf	7701.480742	839.253156	9.176588	8.893781	9.710795	win
connect	iouring	loopback	connections_per_second	lsperf	neqoperf	7701.480742	783.894290	9.824642	9.431019	10.564831	win
connect	iouring	loopback	connections_per_second	lsperf	ngtcp2perf	7701.480742	9968.492186	0.772582	0.760704	0.784604	loss
connect	iouring	loopback	connections_per_second	lsperf	noqperf	7701.480742	6189.861511	1.244209	1.216685	1.284559	win
connect	iouring	loopback	connections_per_second	lsperf	picoperf	7701.480742	4338.462922	1.775163	1.642877	1.854452	win
connect	iouring	loopback	connections_per_second	lsperf	quicheperf	7701.480742	5791.114261	1.329879	1.287086	1.398727	win
connect	iouring	loopback	connections_per_second	lsperf	quiczigperf	7701.480742	3799.021948	2.027227	1.806396	2.103526	win
connect	iouring	loopback	connections_per_second	lsperf	quinnperf	7701.480742	7157.732729	1.075967	1.057444	1.128434	win
connect	iouring	loopback	connections_per_second	lsperf	s2nperf	7701.480742	5656.456478	1.361538	1.329250	1.389688	win
connect	iouring	loopback	connections_per_second	lsperf	tquicperf	7701.480742	7220.246114	1.066651	1.052885	1.091105	win
connect	iouring	loopback	connections_per_second	lsperf	xquicperf	7701.480742	8833.428586	0.871856	0.853399	0.897484	loss
connect	iouring	loopback	connections_per_second	mvfstperf	neqoperf	839.253156	783.894290	1.070620	0.998393	1.155523	statistical_tie
connect	iouring	loopback	connections_per_second	mvfstperf	ngtcp2perf	839.253156	9968.492186	0.084191	0.080530	0.085816	loss
connect	iouring	loopback	connections_per_second	mvfstperf	noqperf	839.253156	6189.861511	0.135585	0.128802	0.140498	loss
connect	iouring	loopback	connections_per_second	mvfstperf	picoperf	839.253156	4338.462922	0.193445	0.173919	0.202830	loss
connect	iouring	loopback	connections_per_second	mvfstperf	quicheperf	839.253156	5791.114261	0.144921	0.136254	0.152985	loss
connect	iouring	loopback	connections_per_second	mvfstperf	quiczigperf	839.253156	3799.021948	0.220913	0.191230	0.230072	loss
connect	iouring	loopback	connections_per_second	mvfstperf	quinnperf	839.253156	7157.732729	0.117251	0.111944	0.123422	loss
connect	iouring	loopback	connections_per_second	mvfstperf	s2nperf	839.253156	5656.456478	0.148371	0.140718	0.151996	loss
connect	iouring	loopback	connections_per_second	mvfstperf	tquicperf	839.253156	7220.246114	0.116236	0.111461	0.119339	loss
connect	iouring	loopback	connections_per_second	mvfstperf	xquicperf	839.253156	8833.428586	0.095009	0.090343	0.098162	loss
connect	iouring	loopback	connections_per_second	neqoperf	ngtcp2perf	783.894290	9968.492186	0.078637	0.074020	0.080927	loss
connect	iouring	loopback	connections_per_second	neqoperf	noqperf	783.894290	6189.861511	0.126642	0.118390	0.132494	loss
connect	iouring	loopback	connections_per_second	neqoperf	picoperf	783.894290	4338.462922	0.180685	0.159860	0.191275	loss
connect	iouring	loopback	connections_per_second	neqoperf	quicheperf	783.894290	5791.114261	0.135362	0.125240	0.144270	loss
connect	iouring	loopback	connections_per_second	neqoperf	quiczigperf	783.894290	3799.021948	0.206341	0.175771	0.216966	loss
connect	iouring	loopback	connections_per_second	neqoperf	quinnperf	783.894290	7157.732729	0.109517	0.102895	0.116391	loss
connect	iouring	loopback	connections_per_second	neqoperf	s2nperf	783.894290	5656.456478	0.138584	0.129343	0.143338	loss
connect	iouring	loopback	connections_per_second	neqoperf	tquicperf	783.894290	7220.246114	0.108569	0.102451	0.112541	loss
connect	iouring	loopback	connections_per_second	neqoperf	xquicperf	783.894290	8833.428586	0.088742	0.083040	0.092570	loss
connect	iouring	loopback	connections_per_second	ngtcp2perf	noqperf	9968.492186	6189.861511	1.610455	1.594137	1.642634	win
connect	iouring	loopback	connections_per_second	ngtcp2perf	picoperf	9968.492186	4338.462922	2.297701	2.152545	2.371386	win
connect	iouring	loopback	connections_per_second	ngtcp2perf	quicheperf	9968.492186	5791.114261	1.721343	1.686378	1.788626	win
connect	iouring	loopback	connections_per_second	ngtcp2perf	quiczigperf	9968.492186	3799.021948	2.623963	2.366793	2.689890	win
connect	iouring	loopback	connections_per_second	ngtcp2perf	quinnperf	9968.492186	7157.732729	1.392689	1.385495	1.442988	win
connect	iouring	loopback	connections_per_second	ngtcp2perf	s2nperf	9968.492186	5656.456478	1.762321	1.741622	1.777067	win
connect	iouring	loopback	connections_per_second	ngtcp2perf	tquicperf	9968.492186	7220.246114	1.380631	1.379521	1.395254	win
connect	iouring	loopback	connections_per_second	ngtcp2perf	xquicperf	9968.492186	8833.428586	1.128496	1.118149	1.147660	win
connect	iouring	loopback	connections_per_second	noqperf	picoperf	6189.861511	4338.462922	1.426741	1.314766	1.482653	win
connect	iouring	loopback	connections_per_second	noqperf	quicheperf	6189.861511	5791.114261	1.068855	1.030033	1.118297	win
connect	iouring	loopback	connections_per_second	noqperf	quiczigperf	6189.861511	3799.021948	1.629330	1.445628	1.681791	win
connect	iouring	loopback	connections_per_second	noqperf	quinnperf	6189.861511	7157.732729	0.864780	0.846255	0.902194	loss
connect	iouring	loopback	connections_per_second	noqperf	s2nperf	6189.861511	5656.456478	1.094300	1.063776	1.111069	win
connect	iouring	loopback	connections_per_second	noqperf	tquicperf	6189.861511	7220.246114	0.857292	0.842606	0.872350	loss
connect	iouring	loopback	connections_per_second	noqperf	xquicperf	6189.861511	8833.428586	0.700731	0.682961	0.717548	loss
connect	iouring	loopback	connections_per_second	picoperf	quicheperf	4338.462922	5791.114261	0.749159	0.713493	0.828191	loss
connect	iouring	loopback	connections_per_second	picoperf	quiczigperf	4338.462922	3799.021948	1.141995	1.001371	1.245505	statistical_tie
connect	iouring	loopback	connections_per_second	picoperf	quinnperf	4338.462922	7157.732729	0.606123	0.586192	0.668149	loss
connect	iouring	loopback	connections_per_second	picoperf	s2nperf	4338.462922	5656.456478	0.766993	0.736866	0.822838	loss
connect	iouring	loopback	connections_per_second	picoperf	tquicperf	4338.462922	7220.246114	0.600875	0.583664	0.646047	loss
connect	iouring	loopback	connections_per_second	picoperf	xquicperf	4338.462922	8833.428586	0.491141	0.473080	0.531403	loss
connect	iouring	loopback	connections_per_second	quicheperf	quiczigperf	5791.114261	3799.021948	1.524370	1.327632	1.589801	win
connect	iouring	loopback	connections_per_second	quicheperf	quinnperf	5791.114261	7157.732729	0.809071	0.777181	0.852846	loss
connect	iouring	loopback	connections_per_second	quicheperf	s2nperf	5791.114261	5656.456478	1.023806	0.976948	1.050297	statistical_tie
connect	iouring	loopback	connections_per_second	quicheperf	tquicperf	5791.114261	7220.246114	0.802066	0.773830	0.824634	loss
connect	iouring	loopback	connections_per_second	quicheperf	xquicperf	5791.114261	8833.428586	0.655591	0.627216	0.678300	loss
connect	iouring	loopback	connections_per_second	quiczigperf	quinnperf	3799.021948	7157.732729	0.530758	0.516782	0.607667	loss
connect	iouring	loopback	connections_per_second	quiczigperf	s2nperf	3799.021948	5656.456478	0.671626	0.649615	0.748353	loss
connect	iouring	loopback	connections_per_second	quiczigperf	tquicperf	3799.021948	7220.246114	0.526162	0.514554	0.587565	loss
connect	iouring	loopback	connections_per_second	quiczigperf	xquicperf	3799.021948	8833.428586	0.430073	0.417063	0.483299	loss
connect	iouring	loopback	connections_per_second	quinnperf	s2nperf	7157.732729	5656.456478	1.265409	1.210956	1.278386	win
connect	iouring	loopback	connections_per_second	quinnperf	tquicperf	7157.732729	7220.246114	0.991342	0.959186	1.003717	statistical_tie
connect	iouring	loopback	connections_per_second	quinnperf	xquicperf	7157.732729	8833.428586	0.810301	0.777452	0.825604	loss
connect	iouring	loopback	connections_per_second	s2nperf	tquicperf	5656.456478	7220.246114	0.783416	0.778864	0.798477	loss
connect	iouring	loopback	connections_per_second	s2nperf	xquicperf	5656.456478	8833.428586	0.640347	0.631296	0.656784	loss
connect	iouring	loopback	connections_per_second	tquicperf	xquicperf	7220.246114	8833.428586	0.817378	0.804050	0.829179	loss
connect	syscall	loopback	connections_per_second	lsperf	mvfstperf	3526.067598	858.391124	4.107763	4.083718	4.142666	win
connect	syscall	loopback	connections_per_second	lsperf	neqoperf	3526.067598	1010.345591	3.489962	3.308859	3.548267	win
connect	syscall	loopback	connections_per_second	lsperf	ngtcp2perf	3526.067598	3005.263133	1.173297	1.143164	1.219321	win
connect	syscall	loopback	connections_per_second	lsperf	noqperf	3526.067598	3090.890761	1.140793	1.124982	1.147572	win
connect	syscall	loopback	connections_per_second	lsperf	picoperf	3526.067598	2199.857603	1.602862	1.590096	1.604112	win
connect	syscall	loopback	connections_per_second	lsperf	quicheperf	3526.067598	2436.649213	1.447097	1.427840	1.451872	win
connect	syscall	loopback	connections_per_second	lsperf	quiczigperf	3526.067598	2320.150826	1.519758	1.428621	1.559081	win
connect	syscall	loopback	connections_per_second	lsperf	quinnperf	3526.067598	3257.025843	1.082604	1.075709	1.092558	win
connect	syscall	loopback	connections_per_second	lsperf	s2nperf	3526.067598	2827.714947	1.246967	1.225450	1.253443	win
connect	syscall	loopback	connections_per_second	lsperf	tquicperf	3526.067598	2961.370148	1.190688	1.141114	1.214209	win
connect	syscall	loopback	connections_per_second	lsperf	xquicperf	3526.067598	3606.709152	0.977641	0.971432	0.994228	statistical_tie
connect	syscall	loopback	connections_per_second	mvfstperf	neqoperf	858.391124	1010.345591	0.849601	0.802439	0.864862	loss
connect	syscall	loopback	connections_per_second	mvfstperf	ngtcp2perf	858.391124	3005.263133	0.285629	0.277231	0.297200	loss
connect	syscall	loopback	connections_per_second	mvfstperf	noqperf	858.391124	3090.890761	0.277716	0.272822	0.279712	loss
connect	syscall	loopback	connections_per_second	mvfstperf	picoperf	858.391124	2199.857603	0.390203	0.385618	0.390990	loss
connect	syscall	loopback	connections_per_second	mvfstperf	quicheperf	858.391124	2436.649213	0.352283	0.346269	0.353882	loss
connect	syscall	loopback	connections_per_second	mvfstperf	quiczigperf	858.391124	2320.150826	0.369972	0.346458	0.380014	loss
connect	syscall	loopback	connections_per_second	mvfstperf	quinnperf	858.391124	3257.025843	0.263551	0.260873	0.266303	loss
connect	syscall	loopback	connections_per_second	mvfstperf	s2nperf	858.391124	2827.714947	0.303564	0.297187	0.305517	loss
connect	syscall	loopback	connections_per_second	mvfstperf	tquicperf	858.391124	2961.370148	0.289863	0.276734	0.295954	loss
connect	syscall	loopback	connections_per_second	mvfstperf	xquicperf	858.391124	3606.709152	0.237998	0.235584	0.242335	loss
connect	syscall	loopback	connections_per_second	neqoperf	ngtcp2perf	1010.345591	3005.263133	0.336192	0.323673	0.366797	loss
connect	syscall	loopback	connections_per_second	neqoperf	noqperf	1010.345591	3090.890761	0.326878	0.318525	0.345214	loss
connect	syscall	loopback	connections_per_second	neqoperf	picoperf	1010.345591	2199.857603	0.459278	0.450216	0.482551	loss
connect	syscall	loopback	connections_per_second	neqoperf	quicheperf	1010.345591	2436.649213	0.414645	0.404275	0.436753	loss
connect	syscall	loopback	connections_per_second	neqoperf	quiczigperf	1010.345591	2320.150826	0.435465	0.404496	0.469004	loss
connect	syscall	loopback	connections_per_second	neqoperf	quinnperf	1010.345591	3257.025843	0.310205	0.304573	0.328664	loss
connect	syscall	loopback	connections_per_second	neqoperf	s2nperf	1010.345591	2827.714947	0.357301	0.346971	0.377062	loss
connect	syscall	loopback	connections_per_second	neqoperf	tquicperf	1010.345591	2961.370148	0.341175	0.323092	0.365260	loss
connect	syscall	loopback	connections_per_second	neqoperf	xquicperf	1010.345591	3606.709152	0.280129	0.275049	0.299085	loss
connect	syscall	loopback	connections_per_second	ngtcp2perf	noqperf	3005.263133	3090.890761	0.972297	0.926918	0.999212	statistical_tie
connect	syscall	loopback	connections_per_second	ngtcp2perf	picoperf	3005.263133	2199.857603	1.366117	1.310144	1.396730	win
connect	syscall	loopback	connections_per_second	ngtcp2perf	quicheperf	3005.263133	2436.649213	1.233359	1.176455	1.264172	win
connect	syscall	loopback	connections_per_second	ngtcp2perf	quiczigperf	3005.263133	2320.150826	1.295288	1.177098	1.357521	win
connect	syscall	loopback	connections_per_second	ngtcp2perf	quinnperf	3005.263133	3257.025843	0.922702	0.886320	0.951311	loss
connect	syscall	loopback	connections_per_second	ngtcp2perf	s2nperf	3005.263133	2827.714947	1.062789	1.009698	1.091396	statistical_tie
connect	syscall	loopback	connections_per_second	ngtcp2perf	tquicperf	3005.263133	2961.370148	1.014822	0.940209	1.057235	statistical_tie
connect	syscall	loopback	connections_per_second	ngtcp2perf	xquicperf	3005.263133	3606.709152	0.833242	0.800402	0.865693	loss
connect	syscall	loopback	connections_per_second	noqperf	picoperf	3090.890761	2199.857603	1.405041	1.392057	1.419304	win
connect	syscall	loopback	connections_per_second	noqperf	quicheperf	3090.890761	2436.649213	1.268501	1.250009	1.284603	win
connect	syscall	loopback	connections_per_second	noqperf	quiczigperf	3090.890761	2320.150826	1.332194	1.250693	1.379461	win
connect	syscall	loopback	connections_per_second	noqperf	quinnperf	3090.890761	3257.025843	0.948992	0.941735	0.966686	loss
connect	syscall	loopback	connections_per_second	noqperf	s2nperf	3090.890761	2827.714947	1.093070	1.072826	1.109035	win
connect	syscall	loopback	connections_per_second	noqperf	tquicperf	3090.890761	2961.370148	1.043737	0.998993	1.074321	statistical_tie
connect	syscall	loopback	connections_per_second	noqperf	xquicperf	3090.890761	3606.709152	0.856984	0.850445	0.879684	loss
connect	syscall	loopback	connections_per_second	picoperf	quicheperf	2199.857603	2436.649213	0.902821	0.894249	0.908848	loss
connect	syscall	loopback	connections_per_second	picoperf	quiczigperf	2199.857603	2320.150826	0.948153	0.894738	0.975959	loss
connect	syscall	loopback	connections_per_second	picoperf	quinnperf	2199.857603	3257.025843	0.675419	0.673711	0.683924	loss
connect	syscall	loopback	connections_per_second	picoperf	s2nperf	2199.857603	2827.714947	0.777963	0.767493	0.784635	loss
connect	syscall	loopback	connections_per_second	picoperf	tquicperf	2199.857603	2961.370148	0.742851	0.714674	0.760075	loss
connect	syscall	loopback	connections_per_second	picoperf	xquicperf	2199.857603	3606.709152	0.609935	0.608403	0.622370	loss
connect	syscall	loopback	connections_per_second	quicheperf	quiczigperf	2436.649213	2320.150826	1.050212	0.988558	1.086865	statistical_tie
connect	syscall	loopback	connections_per_second	quicheperf	quinnperf	2436.649213	3257.025843	0.748121	0.744355	0.761643	loss
connect	syscall	loopback	connections_per_second	quicheperf	s2nperf	2436.649213	2827.714947	0.861703	0.847971	0.873799	loss
connect	syscall	loopback	connections_per_second	quicheperf	tquicperf	2436.649213	2961.370148	0.822811	0.789613	0.846448	loss
connect	syscall	loopback	connections_per_second	quicheperf	xquicperf	2436.649213	3606.709152	0.675588	0.672199	0.693095	loss
connect	syscall	loopback	connections_per_second	quiczigperf	quinnperf	2320.150826	3257.025843	0.712353	0.693170	0.761227	loss
connect	syscall	loopback	connections_per_second	quiczigperf	s2nperf	2320.150826	2827.714947	0.820504	0.789661	0.873321	loss
connect	syscall	loopback	connections_per_second	quiczigperf	tquicperf	2320.150826	2961.370148	0.783472	0.735316	0.845986	loss
connect	syscall	loopback	connections_per_second	quiczigperf	xquicperf	2320.150826	3606.709152	0.643287	0.625975	0.692716	loss
connect	syscall	loopback	connections_per_second	quinnperf	s2nperf	3257.025843	2827.714947	1.151823	1.126846	1.159835	win
connect	syscall	loopback	connections_per_second	quinnperf	tquicperf	3257.025843	2961.370148	1.099837	1.049296	1.123531	win
connect	syscall	loopback	connections_per_second	quinnperf	xquicperf	3257.025843	3606.709152	0.903046	0.893267	0.919978	loss
connect	syscall	loopback	connections_per_second	s2nperf	tquicperf	2827.714947	2961.370148	0.954867	0.914614	0.986244	loss
connect	syscall	loopback	connections_per_second	s2nperf	xquicperf	2827.714947	3606.709152	0.784015	0.778613	0.807564	loss
connect	syscall	loopback	connections_per_second	tquicperf	xquicperf	2961.370148	3606.709152	0.821073	0.803771	0.867248	loss
download	iouring	loopback	throughput_gbps	lsperf	mvfstperf	11.391506	6.630543	1.718035	1.677326	1.793711	win
download	iouring	loopback	throughput_gbps	lsperf	neqoperf	11.391506	4.084490	2.788966	2.724412	2.891400	win
download	iouring	loopback	throughput_gbps	lsperf	ngtcp2perf	11.391506	16.674042	0.683188	0.664844	0.709999	loss
download	iouring	loopback	throughput_gbps	lsperf	noqperf	11.391506	5.254559	2.167928	2.114776	2.266599	win
download	iouring	loopback	throughput_gbps	lsperf	picoperf	11.391506	5.164743	2.205629	2.118042	2.319376	win
download	iouring	loopback	throughput_gbps	lsperf	quicheperf	11.391506	7.756130	1.468710	1.418035	1.560442	win
download	iouring	loopback	throughput_gbps	lsperf	quiczigperf	11.391506	9.420408	1.209237	1.181395	1.251068	win
download	iouring	loopback	throughput_gbps	lsperf	quinnperf	11.391506	6.588323	1.729045	1.689843	1.788902	win
download	iouring	loopback	throughput_gbps	lsperf	s2nperf	11.391506	5.445554	2.091891	2.026085	2.314143	win
download	iouring	loopback	throughput_gbps	lsperf	tquicperf	11.391506	6.547078	1.739937	1.694211	1.856271	win
download	iouring	loopback	throughput_gbps	lsperf	xquicperf	11.391506	3.384320	3.365966	3.214191	3.537000	win
download	iouring	loopback	throughput_gbps	mvfstperf	neqoperf	6.630543	4.084490	1.623347	1.601833	1.634533	win
download	iouring	loopback	throughput_gbps	mvfstperf	ngtcp2perf	6.630543	16.674042	0.397657	0.390899	0.401369	loss
download	iouring	loopback	throughput_gbps	mvfstperf	noqperf	6.630543	5.254559	1.261865	1.243394	1.281328	win
download	iouring	loopback	throughput_gbps	mvfstperf	picoperf	6.630543	5.164743	1.283809	1.245314	1.311163	win
download	iouring	loopback	throughput_gbps	mvfstperf	quicheperf	6.630543	7.756130	0.854878	0.833742	0.882131	loss
download	iouring	loopback	throughput_gbps	mvfstperf	quiczigperf	6.630543	9.420408	0.703849	0.694608	0.707240	loss
download	iouring	loopback	throughput_gbps	mvfstperf	quinnperf	6.630543	6.588323	1.006408	0.993552	1.011282	statistical_tie
download	iouring	loopback	throughput_gbps	mvfstperf	s2nperf	6.630543	5.445554	1.217607	1.191248	1.308205	win
download	iouring	loopback	throughput_gbps	mvfstperf	tquicperf	6.630543	6.547078	1.012748	0.996120	1.049366	statistical_tie
download	iouring	loopback	throughput_gbps	mvfstperf	xquicperf	6.630543	3.384320	1.959195	1.889801	1.999497	win
download	iouring	loopback	throughput_gbps	neqoperf	ngtcp2perf	4.084490	16.674042	0.244961	0.242498	0.247109	loss
download	iouring	loopback	throughput_gbps	neqoperf	noqperf	4.084490	5.254559	0.777323	0.771353	0.788869	loss
download	iouring	loopback	throughput_gbps	neqoperf	picoperf	4.084490	5.164743	0.790841	0.772544	0.807238	loss
download	iouring	loopback	throughput_gbps	neqoperf	quicheperf	4.084490	7.756130	0.526614	0.517221	0.543098	loss
download	iouring	loopback	throughput_gbps	neqoperf	quiczigperf	4.084490	9.420408	0.433579	0.430907	0.435423	loss
download	iouring	loopback	throughput_gbps	neqoperf	quinnperf	4.084490	6.588323	0.619959	0.616361	0.622611	loss
download	iouring	loopback	throughput_gbps	neqoperf	s2nperf	4.084490	5.445554	0.750060	0.739003	0.805416	loss
download	iouring	loopback	throughput_gbps	neqoperf	tquicperf	4.084490	6.547078	0.623865	0.617954	0.646058	loss
download	iouring	loopback	throughput_gbps	neqoperf	xquicperf	4.084490	3.384320	1.206887	1.172359	1.231021	win
download	iouring	loopback	throughput_gbps	ngtcp2perf	noqperf	16.674042	5.254559	3.173252	3.141258	3.232642	win
download	iouring	loopback	throughput_gbps	ngtcp2perf	picoperf	16.674042	5.164743	3.228436	3.146108	3.307914	win
download	iouring	loopback	throughput_gbps	ngtcp2perf	quicheperf	16.674042	7.756130	2.149789	2.106329	2.225515	win
download	iouring	loopback	throughput_gbps	ngtcp2perf	quiczigperf	16.674042	9.420408	1.769991	1.754827	1.784284	win
download	iouring	loopback	throughput_gbps	ngtcp2perf	quinnperf	16.674042	6.588323	2.530848	2.510068	2.551347	win
download	iouring	loopback	throughput_gbps	ngtcp2perf	s2nperf	16.674042	5.445554	3.061955	3.009517	3.300451	win
download	iouring	loopback	throughput_gbps	ngtcp2perf	tquicperf	16.674042	6.547078	2.546791	2.516556	2.647430	win
download	iouring	loopback	throughput_gbps	ngtcp2perf	xquicperf	16.674042	3.384320	4.926851	4.774313	5.044500	win
download	iouring	loopback	throughput_gbps	noqperf	picoperf	5.254559	5.164743	1.017390	0.985501	1.039944	statistical_tie
download	iouring	loopback	throughput_gbps	noqperf	quicheperf	5.254559	7.756130	0.677472	0.659796	0.699659	loss
download	iouring	loopback	throughput_gbps	noqperf	quiczigperf	5.254559	9.420408	0.557785	0.549690	0.560944	loss
download	iouring	loopback	throughput_gbps	noqperf	quinnperf	5.254559	6.588323	0.797556	0.786264	0.802094	loss
download	iouring	loopback	throughput_gbps	noqperf	s2nperf	5.254559	5.445554	0.964927	0.942714	1.037597	statistical_tie
download	iouring	loopback	throughput_gbps	noqperf	tquicperf	5.254559	6.547078	0.802581	0.788297	0.832300	loss
download	iouring	loopback	throughput_gbps	noqperf	xquicperf	5.254559	3.384320	1.552619	1.495527	1.585893	win
download	iouring	loopback	throughput_gbps	picoperf	quicheperf	5.164743	7.756130	0.665892	0.644782	0.698580	loss
download	iouring	loopback	throughput_gbps	picoperf	quiczigperf	5.164743	9.420408	0.548250	0.537181	0.560079	loss
download	iouring	loopback	throughput_gbps	picoperf	quinnperf	5.164743	6.588323	0.783924	0.768373	0.800857	loss
download	iouring	loopback	throughput_gbps	picoperf	s2nperf	5.164743	5.445554	0.948433	0.921263	1.035998	statistical_tie
download	iouring	loopback	throughput_gbps	picoperf	tquicperf	5.164743	6.547078	0.788862	0.770359	0.831017	loss
download	iouring	loopback	throughput_gbps	picoperf	xquicperf	5.164743	3.384320	1.526080	1.461496	1.583447	win
download	iouring	loopback	throughput_gbps	quicheperf	quiczigperf	7.756130	9.420408	0.823333	0.798444	0.836560	loss
download	iouring	loopback	throughput_gbps	quicheperf	quinnperf	7.756130	6.588323	1.177254	1.142078	1.196196	win
download	iouring	loopback	throughput_gbps	quicheperf	s2nperf	7.756130	5.445554	1.424305	1.369327	1.547413	win
download	iouring	loopback	throughput_gbps	quicheperf	tquicperf	7.756130	6.547078	1.184670	1.145030	1.241245	win
download	iouring	loopback	throughput_gbps	quicheperf	xquicperf	7.756130	3.384320	2.291784	2.172306	2.365108	win
download	iouring	loopback	throughput_gbps	quiczigperf	quinnperf	9.420408	6.588323	1.429864	1.424499	1.435802	win
download	iouring	loopback	throughput_gbps	quiczigperf	s2nperf	9.420408	5.445554	1.729927	1.707944	1.857369	win
download	iouring	loopback	throughput_gbps	quiczigperf	tquicperf	9.420408	6.547078	1.438872	1.428182	1.489873	win
download	iouring	loopback	throughput_gbps	quiczigperf	xquicperf	9.420408	3.384320	2.783545	2.709491	2.838854	win
download	iouring	loopback	throughput_gbps	quinnperf	s2nperf	6.588323	5.445554	1.209854	1.194450	1.298515	win
download	iouring	loopback	throughput_gbps	quinnperf	tquicperf	6.588323	6.547078	1.006300	0.998798	1.041593	statistical_tie
download	iouring	loopback	throughput_gbps	quinnperf	xquicperf	6.588323	3.384320	1.946720	1.894882	1.984686	win
download	iouring	loopback	throughput_gbps	s2nperf	tquicperf	5.445554	6.547078	0.831753	0.772101	0.868734	loss
download	iouring	loopback	throughput_gbps	s2nperf	xquicperf	5.445554	3.384320	1.609054	1.464800	1.655314	win
download	iouring	loopback	throughput_gbps	tquicperf	xquicperf	6.547078	3.384320	1.934533	1.826111	1.979569	win
download	syscall	loopback	throughput_gbps	lsperf	mvfstperf	11.789299	6.460152	1.824926	1.813751	1.904247	win
download	syscall	loopback	throughput_gbps	lsperf	neqoperf	11.789299	4.166774	2.829359	2.786062	2.884284	win
download	syscall	loopback	throughput_gbps	lsperf	ngtcp2perf	11.789299	15.025589	0.784615	0.740332	0.813321	loss
download	syscall	loopback	throughput_gbps	lsperf	noqperf	11.789299	4.838655	2.436482	2.426064	2.437826	win
download	syscall	loopback	throughput_gbps	lsperf	picoperf	11.789299	8.050297	1.464455	1.376616	1.480838	win
download	syscall	loopback	throughput_gbps	lsperf	quicheperf	11.789299	8.997457	1.310292	1.294738	1.331682	win
download	syscall	loopback	throughput_gbps	lsperf	quiczigperf	11.789299	9.585001	1.229974	1.220490	1.246342	win
download	syscall	loopback	throughput_gbps	lsperf	quinnperf	11.789299	5.831085	2.021802	1.938540	2.021802	win
download	syscall	loopback	throughput_gbps	lsperf	s2nperf	11.789299	5.475502	2.153099	2.110138	2.153099	win
download	syscall	loopback	throughput_gbps	lsperf	tquicperf	11.789299	7.406345	1.591784	1.583212	1.606704	win
download	syscall	loopback	throughput_gbps	lsperf	xquicperf	11.789299	4.865162	2.423208	2.295013	2.694233	win
download	syscall	loopback	throughput_gbps	mvfstperf	neqoperf	6.460152	4.166774	1.550396	1.467021	1.585958	win
download	syscall	loopback	throughput_gbps	mvfstperf	ngtcp2perf	6.460152	15.025589	0.429943	0.389827	0.447214	loss
download	syscall	loopback	throughput_gbps	mvfstperf	noqperf	6.460152	4.838655	1.335113	1.277461	1.340468	win
download	syscall	loopback	throughput_gbps	mvfstperf	picoperf	6.460152	8.050297	0.802474	0.724867	0.814257	loss
download	syscall	loopback	throughput_gbps	mvfstperf	quicheperf	6.460152	8.997457	0.717998	0.681753	0.732241	loss
download	syscall	loopback	throughput_gbps	mvfstperf	quiczigperf	6.460152	9.585001	0.673986	0.642657	0.685316	loss
download	syscall	loopback	throughput_gbps	mvfstperf	quinnperf	6.460152	5.831085	1.107882	1.020752	1.111712	win
download	syscall	loopback	throughput_gbps	mvfstperf	s2nperf	6.460152	5.475502	1.179828	1.111108	1.183907	win
download	syscall	loopback	throughput_gbps	mvfstperf	tquicperf	6.460152	7.406345	0.872246	0.833651	0.883466	loss
download	syscall	loopback	throughput_gbps	mvfstperf	xquicperf	6.460152	4.865162	1.327839	1.208455	1.481456	win
download	syscall	loopback	throughput_gbps	neqoperf	ngtcp2perf	4.166774	15.025589	0.277312	0.257369	0.291140	loss
download	syscall	loopback	throughput_gbps	neqoperf	noqperf	4.166774	4.838655	0.861143	0.843399	0.872656	loss
download	syscall	loopback	throughput_gbps	neqoperf	picoperf	4.166774	8.050297	0.517593	0.478568	0.530088	loss
download	syscall	loopback	throughput_gbps	neqoperf	quicheperf	4.166774	8.997457	0.463106	0.450104	0.476695	loss
download	syscall	loopback	throughput_gbps	neqoperf	quiczigperf	4.166774	9.585001	0.434718	0.424292	0.446147	loss
download	syscall	loopback	throughput_gbps	neqoperf	quinnperf	4.166774	5.831085	0.714580	0.673915	0.723734	loss
download	syscall	loopback	throughput_gbps	neqoperf	s2nperf	4.166774	5.475502	0.760985	0.733570	0.770734	loss
download	syscall	loopback	throughput_gbps	neqoperf	tquicperf	4.166774	7.406345	0.562595	0.550389	0.575144	loss
download	syscall	loopback	throughput_gbps	neqoperf	xquicperf	4.166774	4.865162	0.856451	0.797840	0.964441	loss
download	syscall	loopback	throughput_gbps	ngtcp2perf	noqperf	15.025589	4.838655	3.105323	2.990950	3.284033	win
download	syscall	loopback	throughput_gbps	ngtcp2perf	picoperf	15.025589	8.050297	1.866464	1.697149	1.994860	win
download	syscall	loopback	throughput_gbps	ngtcp2perf	quicheperf	15.025589	8.997457	1.669982	1.596206	1.793929	win
download	syscall	loopback	throughput_gbps	ngtcp2perf	quiczigperf	15.025589	9.585001	1.567615	1.504669	1.678967	win
download	syscall	loopback	throughput_gbps	ngtcp2perf	quinnperf	15.025589	5.831085	2.576809	2.389911	2.723601	win
download	syscall	loopback	throughput_gbps	ngtcp2perf	s2nperf	15.025589	5.475502	2.744149	2.601464	2.900474	win
download	syscall	loopback	throughput_gbps	ngtcp2perf	tquicperf	15.025589	7.406345	2.028746	1.951848	2.164416	win
download	syscall	loopback	throughput_gbps	ngtcp2perf	xquicperf	15.025589	4.865162	3.088405	2.829385	3.629443	win
download	syscall	loopback	throughput_gbps	noqperf	picoperf	4.838655	8.050297	0.601053	0.566212	0.608747	loss
download	syscall	loopback	throughput_gbps	noqperf	quicheperf	4.838655	8.997457	0.537780	0.532535	0.547431	loss
download	syscall	loopback	throughput_gbps	noqperf	quiczigperf	4.838655	9.585001	0.504815	0.501996	0.512349	loss
download	syscall	loopback	throughput_gbps	noqperf	quinnperf	4.838655	5.831085	0.829804	0.797335	0.831128	loss
download	syscall	loopback	throughput_gbps	noqperf	s2nperf	4.838655	5.475502	0.883692	0.867914	0.885102	loss
download	syscall	loopback	throughput_gbps	noqperf	tquicperf	4.838655	7.406345	0.653312	0.651186	0.660488	loss
download	syscall	loopback	throughput_gbps	noqperf	xquicperf	4.838655	4.865162	0.994552	0.943955	1.107552	statistical_tie
download	syscall	loopback	throughput_gbps	picoperf	quicheperf	8.050297	8.997457	0.894730	0.876684	0.964759	loss
download	syscall	loopback	throughput_gbps	picoperf	quiczigperf	8.050297	9.585001	0.839885	0.826409	0.902933	loss
download	syscall	loopback	throughput_gbps	picoperf	quinnperf	8.050297	5.831085	1.380583	1.312610	1.464728	win
download	syscall	loopback	throughput_gbps	picoperf	s2nperf	8.050297	5.475502	1.470239	1.428802	1.559849	win
download	syscall	loopback	throughput_gbps	picoperf	tquicperf	8.050297	7.406345	1.086946	1.072013	1.164004	win
download	syscall	loopback	throughput_gbps	picoperf	xquicperf	8.050297	4.865162	1.654682	1.553983	1.951881	win
download	syscall	loopback	throughput_gbps	quicheperf	quiczigperf	8.997457	9.585001	0.938702	0.918972	0.960034	loss
download	syscall	loopback	throughput_gbps	quicheperf	quinnperf	8.997457	5.831085	1.543016	1.459631	1.557356	win
download	syscall	loopback	throughput_gbps	quicheperf	s2nperf	8.997457	5.475502	1.643221	1.588836	1.658492	win
download	syscall	loopback	throughput_gbps	quicheperf	tquicperf	8.997457	7.406345	1.214831	1.192085	1.237614	win
download	syscall	loopback	throughput_gbps	quicheperf	xquicperf	8.997457	4.865162	1.849364	1.728039	2.075317	win
download	syscall	loopback	throughput_gbps	quiczigperf	quinnperf	9.585001	5.831085	1.643777	1.559575	1.652098	win
download	syscall	loopback	throughput_gbps	quiczigperf	s2nperf	9.585001	5.475502	1.750525	1.697627	1.759387	win
download	syscall	loopback	throughput_gbps	quiczigperf	tquicperf	9.585001	7.406345	1.294161	1.273710	1.312905	win
download	syscall	loopback	throughput_gbps	quiczigperf	xquicperf	9.585001	4.865162	1.970130	1.846361	2.201569	win
download	syscall	loopback	throughput_gbps	quinnperf	s2nperf	5.831085	5.475502	1.064941	1.046504	1.107696	win
download	syscall	loopback	throughput_gbps	quinnperf	tquicperf	5.831085	7.406345	0.787309	0.785180	0.826594	loss
download	syscall	loopback	throughput_gbps	quinnperf	xquicperf	5.831085	4.865162	1.198539	1.138191	1.386091	win
download	syscall	loopback	throughput_gbps	s2nperf	tquicperf	5.475502	7.406345	0.739299	0.737299	0.759375	loss
download	syscall	loopback	throughput_gbps	s2nperf	xquicperf	5.475502	4.865162	1.125451	1.068784	1.273373	win
download	syscall	loopback	throughput_gbps	tquicperf	xquicperf	7.406345	4.865162	1.522322	1.432247	1.697177	win
upload	iouring	loopback	throughput_gbps	lsperf	mvfstperf	20.705222	6.553247	3.159536	3.121031	3.188446	win
upload	iouring	loopback	throughput_gbps	lsperf	neqoperf	20.705222	3.975923	5.207652	4.910835	5.415307	win
upload	iouring	loopback	throughput_gbps	lsperf	ngtcp2perf	20.705222	24.267239	0.853217	0.841861	0.863482	loss
upload	iouring	loopback	throughput_gbps	lsperf	noqperf	20.705222	3.568493	5.802231	5.642012	5.893371	win
upload	iouring	loopback	throughput_gbps	lsperf	picoperf	20.705222	11.474884	1.804395	1.782779	1.830923	win
upload	iouring	loopback	throughput_gbps	lsperf	quicheperf	20.705222	12.812679	1.615995	1.596975	1.645689	win
upload	iouring	loopback	throughput_gbps	lsperf	quiczigperf	20.705222	9.206329	2.249020	2.218754	2.336991	win
upload	iouring	loopback	throughput_gbps	lsperf	quinnperf	20.705222	4.130215	5.013110	4.452406	5.132682	win
upload	iouring	loopback	throughput_gbps	lsperf	s2nperf	20.705222	5.525716	3.747066	3.569523	3.837624	win
upload	iouring	loopback	throughput_gbps	lsperf	tquicperf	20.705222	10.060567	2.058057	2.031681	2.077805	win
upload	iouring	loopback	throughput_gbps	lsperf	xquicperf	20.705222	1.726123	11.995218	11.889617	12.162069	win
upload	iouring	loopback	throughput_gbps	mvfstperf	neqoperf	6.553247	3.975923	1.648233	1.567173	1.705236	win
upload	iouring	loopback	throughput_gbps	mvfstperf	ngtcp2perf	6.553247	24.267239	0.270045	0.268659	0.271904	loss
upload	iouring	loopback	throughput_gbps	mvfstperf	noqperf	6.553247	3.568493	1.836418	1.800511	1.855774	win
upload	iouring	loopback	throughput_gbps	mvfstperf	picoperf	6.553247	11.474884	0.571095	0.568930	0.576543	loss
upload	iouring	loopback	throughput_gbps	mvfstperf	quicheperf	6.553247	12.812679	0.511466	0.509636	0.518214	loss
upload	iouring	loopback	throughput_gbps	mvfstperf	quiczigperf	6.553247	9.206329	0.711820	0.708061	0.735899	loss
upload	iouring	loopback	throughput_gbps	mvfstperf	quinnperf	6.553247	4.130215	1.586660	1.420877	1.616239	win
upload	iouring	loopback	throughput_gbps	mvfstperf	s2nperf	6.553247	5.525716	1.185954	1.139126	1.208436	win
upload	iouring	loopback	throughput_gbps	mvfstperf	tquicperf	6.553247	10.060567	0.651380	0.648361	0.654284	loss
upload	iouring	loopback	throughput_gbps	mvfstperf	xquicperf	6.553247	1.726123	3.796512	3.794281	3.829736	win
upload	iouring	loopback	throughput_gbps	neqoperf	ngtcp2perf	3.975923	24.267239	0.163839	0.158182	0.172805	loss
upload	iouring	loopback	throughput_gbps	neqoperf	noqperf	3.975923	3.568493	1.114174	1.060112	1.179418	win
upload	iouring	loopback	throughput_gbps	neqoperf	picoperf	3.975923	11.474884	0.346489	0.334977	0.366416	loss
upload	iouring	loopback	throughput_gbps	neqoperf	quicheperf	3.975923	12.812679	0.310312	0.300065	0.329346	loss
upload	iouring	loopback	throughput_gbps	neqoperf	quiczigperf	3.975923	9.206329	0.431868	0.416895	0.467693	loss
upload	iouring	loopback	throughput_gbps	neqoperf	quinnperf	3.975923	4.130215	0.962643	0.836589	1.027184	statistical_tie
upload	iouring	loopback	throughput_gbps	neqoperf	s2nperf	3.975923	5.525716	0.719531	0.670699	0.768009	loss
upload	iouring	loopback	throughput_gbps	neqoperf	tquicperf	3.975923	10.060567	0.395199	0.381745	0.415823	loss
upload	iouring	loopback	throughput_gbps	neqoperf	xquicperf	3.975923	1.726123	2.303383	2.234012	2.433949	win
upload	iouring	loopback	throughput_gbps	ngtcp2perf	noqperf	24.267239	3.568493	6.800416	6.648461	6.879908	win
upload	iouring	loopback	throughput_gbps	ngtcp2perf	picoperf	24.267239	11.474884	2.114813	2.100800	2.137415	win
upload	iouring	loopback	throughput_gbps	ngtcp2perf	quicheperf	24.267239	12.812679	1.894002	1.881851	1.921174	win
upload	iouring	loopback	throughput_gbps	ngtcp2perf	quiczigperf	24.267239	9.206329	2.635930	2.614546	2.728198	win
upload	iouring	loopback	throughput_gbps	ngtcp2perf	quinnperf	24.267239	4.130215	5.875539	5.246648	5.991881	win
upload	iouring	loopback	throughput_gbps	ngtcp2perf	s2nperf	24.267239	5.525716	4.391691	4.206271	4.480034	win
upload	iouring	loopback	throughput_gbps	ngtcp2perf	tquicperf	24.267239	10.060567	2.412115	2.394102	2.425625	win
upload	iouring	loopback	throughput_gbps	ngtcp2perf	xquicperf	24.267239	1.726123	14.058812	14.010544	14.197972	win
upload	iouring	loopback	throughput_gbps	noqperf	picoperf	3.568493	11.474884	0.310983	0.307804	0.318930	loss
upload	iouring	loopback	throughput_gbps	noqperf	quicheperf	3.568493	12.812679	0.278513	0.275724	0.286664	loss
upload	iouring	loopback	throughput_gbps	noqperf	quiczigperf	3.568493	9.206329	0.387613	0.383077	0.407082	loss
upload	iouring	loopback	throughput_gbps	noqperf	quinnperf	3.568493	4.130215	0.863997	0.768726	0.894066	loss
upload	iouring	loopback	throughput_gbps	noqperf	s2nperf	3.568493	5.525716	0.645797	0.616293	0.668479	loss
upload	iouring	loopback	throughput_gbps	noqperf	tquicperf	3.568493	10.060567	0.354701	0.350778	0.361935	loss
upload	iouring	loopback	throughput_gbps	noqperf	xquicperf	3.568493	1.726123	2.067346	2.052791	2.118521	win
upload	iouring	loopback	throughput_gbps	picoperf	quicheperf	11.474884	12.812679	0.895588	0.887501	0.907214	loss
upload	iouring	loopback	throughput_gbps	picoperf	quiczigperf	11.474884	9.206329	1.246413	1.233047	1.288305	win
upload	iouring	loopback	throughput_gbps	picoperf	quinnperf	11.474884	4.130215	2.778278	2.474374	2.829477	win
upload	iouring	loopback	throughput_gbps	picoperf	s2nperf	11.474884	5.525716	2.076633	1.983721	2.115555	win
upload	iouring	loopback	throughput_gbps	picoperf	tquicperf	11.474884	10.060567	1.140580	1.129083	1.145425	win
upload	iouring	loopback	throughput_gbps	picoperf	xquicperf	11.474884	1.726123	6.647779	6.607519	6.704544	win
upload	iouring	loopback	throughput_gbps	quicheperf	quiczigperf	12.812679	9.206329	1.391725	1.371835	1.438196	win
upload	iouring	loopback	throughput_gbps	quicheperf	quinnperf	12.812679	4.130215	3.102182	2.752882	3.158679	win
upload	iouring	loopback	throughput_gbps	quicheperf	s2nperf	12.812679	5.525716	2.318736	2.207003	2.361694	win
upload	iouring	loopback	throughput_gbps	quicheperf	tquicperf	12.812679	10.060567	1.273554	1.256170	1.278692	win
upload	iouring	loopback	throughput_gbps	quicheperf	xquicperf	12.812679	1.726123	7.422807	7.351241	7.484601	win
upload	iouring	loopback	throughput_gbps	quiczigperf	quinnperf	9.206329	4.130215	2.229019	1.938556	2.273498	win
upload	iouring	loopback	throughput_gbps	quiczigperf	s2nperf	9.206329	5.525716	1.666088	1.554153	1.699858	win
upload	iouring	loopback	throughput_gbps	quiczigperf	tquicperf	9.206329	10.060567	0.915091	0.884584	0.920354	loss
upload	iouring	loopback	throughput_gbps	quiczigperf	xquicperf	9.206329	1.726123	5.333530	5.176683	5.387132	win
upload	iouring	loopback	throughput_gbps	quinnperf	s2nperf	4.130215	5.525716	0.747453	0.707630	0.847085	loss
upload	iouring	loopback	throughput_gbps	quinnperf	tquicperf	4.130215	10.060567	0.410535	0.402765	0.458637	loss
upload	iouring	loopback	throughput_gbps	quinnperf	xquicperf	4.130215	1.726123	2.392770	2.357025	2.684553	win
upload	iouring	loopback	throughput_gbps	s2nperf	tquicperf	5.525716	10.060567	0.549245	0.538683	0.572076	loss
upload	iouring	loopback	throughput_gbps	s2nperf	xquicperf	5.525716	1.726123	3.201230	3.152435	3.348549	win
upload	iouring	loopback	throughput_gbps	tquicperf	xquicperf	10.060567	1.726123	5.828418	5.822422	5.883170	win
upload	syscall	loopback	throughput_gbps	lsperf	mvfstperf	23.329985	6.907475	3.377498	3.304472	3.467102	win
upload	syscall	loopback	throughput_gbps	lsperf	neqoperf	23.329985	4.158408	5.610316	5.339648	5.753178	win
upload	syscall	loopback	throughput_gbps	lsperf	ngtcp2perf	23.329985	27.141936	0.859555	0.843719	0.884342	loss
upload	syscall	loopback	throughput_gbps	lsperf	noqperf	23.329985	3.016209	7.734870	7.548425	7.905987	win
upload	syscall	loopback	throughput_gbps	lsperf	picoperf	23.329985	11.432897	2.040601	2.004011	2.076978	win
upload	syscall	loopback	throughput_gbps	lsperf	quicheperf	23.329985	13.906682	1.677610	1.631558	1.720853	win
upload	syscall	loopback	throughput_gbps	lsperf	quiczigperf	23.329985	9.277879	2.514582	2.295862	2.642765	win
upload	syscall	loopback	throughput_gbps	lsperf	quinnperf	23.329985	3.446281	6.769612	6.645609	6.901730	win
upload	syscall	loopback	throughput_gbps	lsperf	s2nperf	23.329985	5.989219	3.895330	3.798929	4.010918	win
upload	syscall	loopback	throughput_gbps	lsperf	tquicperf	23.329985	11.058685	2.109653	1.955899	2.184470	win
upload	syscall	loopback	throughput_gbps	lsperf	xquicperf	23.329985	3.131590	7.449885	7.282926	7.927827	win
upload	syscall	loopback	throughput_gbps	mvfstperf	neqoperf	6.907475	4.158408	1.661086	1.595961	1.680078	win
upload	syscall	loopback	throughput_gbps	mvfstperf	ngtcp2perf	6.907475	27.141936	0.254495	0.252178	0.258251	loss
upload	syscall	loopback	throughput_gbps	mvfstperf	noqperf	6.907475	3.016209	2.290118	2.256139	2.308755	win
upload	syscall	loopback	throughput_gbps	mvfstperf	picoperf	6.907475	11.432897	0.604175	0.598976	0.606532	loss
upload	syscall	loopback	throughput_gbps	mvfstperf	quicheperf	6.907475	13.906682	0.496702	0.487654	0.502534	loss
upload	syscall	loopback	throughput_gbps	mvfstperf	quiczigperf	6.907475	9.277879	0.744510	0.686207	0.771756	loss
upload	syscall	loopback	throughput_gbps	mvfstperf	quinnperf	6.907475	3.446281	2.004327	1.986298	2.015486	win
upload	syscall	loopback	throughput_gbps	mvfstperf	s2nperf	6.907475	5.989219	1.153318	1.135457	1.171293	win
upload	syscall	loopback	throughput_gbps	mvfstperf	tquicperf	6.907475	11.058685	0.624620	0.584596	0.637922	loss
upload	syscall	loopback	throughput_gbps	mvfstperf	xquicperf	6.907475	3.131590	2.205741	2.176785	2.315133	win
upload	syscall	loopback	throughput_gbps	neqoperf	ngtcp2perf	4.158408	27.141936	0.153210	0.151973	0.159820	loss
upload	syscall	loopback	throughput_gbps	neqoperf	noqperf	4.158408	3.016209	1.378687	1.359642	1.428786	win
upload	syscall	loopback	throughput_gbps	neqoperf	picoperf	4.158408	11.432897	0.363723	0.360968	0.375356	loss
upload	syscall	loopback	throughput_gbps	neqoperf	quicheperf	4.158408	13.906682	0.299022	0.293881	0.310996	loss
upload	syscall	loopback	throughput_gbps	neqoperf	quiczigperf	4.158408	9.277879	0.448207	0.413537	0.477606	loss
upload	syscall	loopback	throughput_gbps	neqoperf	quinnperf	4.158408	3.446281	1.206636	1.197025	1.247295	win
upload	syscall	loopback	throughput_gbps	neqoperf	s2nperf	4.158408	5.989219	0.694316	0.684273	0.724861	loss
upload	syscall	loopback	throughput_gbps	neqoperf	tquicperf	4.158408	11.058685	0.376031	0.352302	0.394782	loss
upload	syscall	loopback	throughput_gbps	neqoperf	xquicperf	4.158408	3.131590	1.327890	1.311820	1.432733	win
upload	syscall	loopback	throughput_gbps	ngtcp2perf	noqperf	27.141936	3.016209	8.998692	8.845291	9.042371	win
upload	syscall	loopback	throughput_gbps	ngtcp2perf	picoperf	27.141936	11.432897	2.374021	2.348312	2.375517	win
upload	syscall	loopback	throughput_gbps	ngtcp2perf	quicheperf	27.141936	13.906682	1.951719	1.911870	1.968204	win
upload	syscall	loopback	throughput_gbps	ngtcp2perf	quiczigperf	27.141936	9.277879	2.925446	2.690305	3.022628	win
upload	syscall	loopback	throughput_gbps	ngtcp2perf	quinnperf	27.141936	3.446281	7.875717	7.787367	7.893764	win
upload	syscall	loopback	throughput_gbps	ngtcp2perf	s2nperf	27.141936	5.989219	4.531798	4.451609	4.587436	win
upload	syscall	loopback	throughput_gbps	ngtcp2perf	tquicperf	27.141936	11.058685	2.454355	2.291934	2.498460	win
upload	syscall	loopback	throughput_gbps	ngtcp2perf	xquicperf	27.141936	3.131590	8.667142	8.534178	9.067349	win
upload	syscall	loopback	throughput_gbps	noqperf	picoperf	3.016209	11.432897	0.263818	0.262676	0.265521	loss
upload	syscall	loopback	throughput_gbps	noqperf	quicheperf	3.016209	13.906682	0.216889	0.213857	0.219994	loss
upload	syscall	loopback	throughput_gbps	noqperf	quiczigperf	3.016209	9.277879	0.325097	0.300930	0.337852	loss
upload	syscall	loopback	throughput_gbps	noqperf	quinnperf	3.016209	3.446281	0.875207	0.871074	0.882319	loss
upload	syscall	loopback	throughput_gbps	noqperf	s2nperf	3.016209	5.989219	0.503606	0.497945	0.512757	loss
upload	syscall	loopback	throughput_gbps	noqperf	tquicperf	3.016209	11.058685	0.272746	0.256370	0.279263	loss
upload	syscall	loopback	throughput_gbps	noqperf	xquicperf	3.016209	3.131590	0.963156	0.954610	1.013495	statistical_tie
upload	syscall	loopback	throughput_gbps	picoperf	quicheperf	11.432897	13.906682	0.822115	0.814042	0.828643	loss
upload	syscall	loopback	throughput_gbps	picoperf	quiczigperf	11.432897	9.277879	1.232275	1.145487	1.272572	win
upload	syscall	loopback	throughput_gbps	picoperf	quinnperf	11.432897	3.446281	3.317459	3.315730	3.323393	win
upload	syscall	loopback	throughput_gbps	picoperf	s2nperf	11.432897	5.989219	1.908913	1.895420	1.931379	win
upload	syscall	loopback	throughput_gbps	picoperf	tquicperf	11.432897	11.058685	1.033839	0.975867	1.051889	statistical_tie
upload	syscall	loopback	throughput_gbps	picoperf	xquicperf	11.432897	3.131590	3.650828	3.633710	3.817490	win
upload	syscall	loopback	throughput_gbps	quicheperf	quiczigperf	13.906682	9.277879	1.498907	1.382541	1.563075	win
upload	syscall	loopback	throughput_gbps	quicheperf	quinnperf	13.906682	3.446281	4.035272	4.001908	4.082059	win
upload	syscall	loopback	throughput_gbps	quicheperf	s2nperf	13.906682	5.989219	2.321952	2.287671	2.372275	win
upload	syscall	loopback	throughput_gbps	quicheperf	tquicperf	13.906682	11.058685	1.257535	1.177819	1.292015	win
upload	syscall	loopback	throughput_gbps	quicheperf	xquicperf	13.906682	3.131590	4.440774	4.385693	4.688949	win
upload	syscall	loopback	throughput_gbps	quiczigperf	quinnperf	9.277879	3.446281	2.692142	2.605868	2.900922	win
upload	syscall	loopback	throughput_gbps	quiczigperf	s2nperf	9.277879	5.989219	1.549097	1.489632	1.685861	win
upload	syscall	loopback	throughput_gbps	quiczigperf	tquicperf	9.277879	11.058685	0.838968	0.766945	0.918172	loss
upload	syscall	loopback	throughput_gbps	quiczigperf	xquicperf	9.277879	3.131590	2.962674	2.855772	3.332209	win
upload	syscall	loopback	throughput_gbps	quinnperf	s2nperf	3.446281	5.989219	0.575414	0.570400	0.582415	loss
upload	syscall	loopback	throughput_gbps	quinnperf	tquicperf	3.446281	11.058685	0.311636	0.293673	0.317201	loss
upload	syscall	loopback	throughput_gbps	quinnperf	xquicperf	3.446281	3.131590	1.100489	1.093513	1.151180	win
upload	syscall	loopback	throughput_gbps	s2nperf	tquicperf	5.989219	11.058685	0.541585	0.505334	0.554892	loss
upload	syscall	loopback	throughput_gbps	s2nperf	xquicperf	5.989219	3.131590	1.912517	1.881648	2.013802	win
upload	syscall	loopback	throughput_gbps	tquicperf	xquicperf	11.058685	3.131590	3.531332	3.454904	3.911394	win
