binary	scenario	network	path_profile	tier	publication_eligible	adapter_features	congestion_controller	metric	client_threads	publication_role	discovery_status	confirm_status	combined_status	combined_samples	combined_p50	combined_p50_ci95_low	combined_p50_ci95_high	combined_p50_ci95_relative_width	combined_p20_p80_ratio	publication_status	reason
lsperf	connect	iouring	loopback	publication	1	cc=cubic|pacing=on|spin=on|ql_bits=2|ecn=off|pmtud=off|send_batch=50|udp_gso=common_cpp|udp_gro=on	cubic	connections_per_second	11	selected_saturation+plateau_sentinel	converged	converged	converged	20	7701.480742	7608.203641	7821.315665	0.027672	1.057058	converged	confirm_disabled
lsperf	connect	syscall	loopback	publication	1	cc=cubic|pacing=on|spin=on|ql_bits=2|ecn=off|pmtud=off|send_batch=50|udp_gso=common_cpp|udp_gro=on	cubic	connections_per_second	5	selected_saturation	converged	converged	converged	20	3526.067598	3509.756561	3526.067598	0.004626	1.217367	converged	p80_p20_1.2174_gt_1.1500;confirm_disabled;p80_p20_1.2174_gt_1.1500
lsperf	connect	syscall	loopback	publication	1	cc=cubic|pacing=on|spin=on|ql_bits=2|ecn=off|pmtud=off|send_batch=50|udp_gso=common_cpp|udp_gro=on	cubic	connections_per_second	6	plateau_sentinel+post_selected	converged	converged	converged	20	3496.812429	3476.692536	3562.475662	0.024532	1.158424	converged	p80_p20_1.1584_gt_1.1500;confirm_disabled;p80_p20_1.1584_gt_1.1500
lsperf	download	iouring	loopback	publication	1	cc=cubic|pacing=on|spin=on|ql_bits=2|ecn=off|pmtud=off|send_batch=50|udp_gso=common_cpp|udp_gro=on	cubic	throughput_gbps	1	baseline_1c1s+selected_saturation	converged	converged	converged	20	11.391506	11.157526	11.766976	0.053500	1.074733	converged	p50_ci_width_0.0535_gt_0.0300;confirm_disabled;p50_ci_width_0.0535_gt_0.0300
lsperf	download	iouring	loopback	publication	1	cc=cubic|pacing=on|spin=on|ql_bits=2|ecn=off|pmtud=off|send_batch=50|udp_gso=common_cpp|udp_gro=on	cubic	throughput_gbps	2	plateau_sentinel+post_selected	converged	converged	converged	20	4.260130	4.166724	4.260130	0.021926	1.211106	converged	p80_p20_1.2111_gt_1.1500;confirm_disabled;p80_p20_1.2111_gt_1.1500
lsperf	download	syscall	loopback	publication	1	cc=cubic|pacing=on|spin=on|ql_bits=2|ecn=off|pmtud=off|send_batch=50|udp_gso=common_cpp|udp_gro=on	cubic	throughput_gbps	1	baseline_1c1s+selected_saturation	converged	converged	converged	20	11.789299	11.757616	11.789299	0.002687	1.119537	converged	confirm_disabled
lsperf	download	syscall	loopback	publication	1	cc=cubic|pacing=on|spin=on|ql_bits=2|ecn=off|pmtud=off|send_batch=50|udp_gso=common_cpp|udp_gro=on	cubic	throughput_gbps	2	plateau_sentinel+post_selected	converged	converged	converged	20	5.079757	4.996656	5.228765	0.045693	1.161192	converged	p50_ci_width_0.0457_gt_0.0300;p80_p20_1.1612_gt_1.1500;confirm_disabled;p50_ci_width_0.0457_gt_0.0300;p80_p20_1.1612_gt_1.1500
lsperf	upload	iouring	loopback	publication	1	cc=cubic|pacing=on|spin=on|ql_bits=2|ecn=off|pmtud=off|send_batch=50|udp_gso=common_cpp|udp_gro=on	cubic	throughput_gbps	5	selected_saturation	converged	converged	converged	20	20.705222	20.535010	20.894672	0.017371	1.097494	converged	outliers_2;confirm_disabled;outliers_2
lsperf	upload	iouring	loopback	publication	1	cc=cubic|pacing=on|spin=on|ql_bits=2|ecn=off|pmtud=off|send_batch=50|udp_gso=common_cpp|udp_gro=on	cubic	throughput_gbps	6	plateau_sentinel+post_selected	converged	converged	converged	20	19.866331	19.602335	20.167731	0.028460	1.852898	converged	p80_p20_1.8529_gt_1.1500;confirm_disabled;p80_p20_1.8529_gt_1.1500
lsperf	upload	syscall	loopback	publication	1	cc=cubic|pacing=on|spin=on|ql_bits=2|ecn=off|pmtud=off|send_batch=50|udp_gso=common_cpp|udp_gro=on	cubic	throughput_gbps	5	selected_saturation	converged	converged	converged	20	23.329985	22.914583	23.745874	0.035632	1.133644	converged	p50_ci_width_0.0356_gt_0.0300;confirm_disabled;p50_ci_width_0.0356_gt_0.0300
lsperf	upload	syscall	loopback	publication	1	cc=cubic|pacing=on|spin=on|ql_bits=2|ecn=off|pmtud=off|send_batch=50|udp_gso=common_cpp|udp_gro=on	cubic	throughput_gbps	6	plateau_sentinel+post_selected	converged	converged	converged	20	20.941830	20.941830	21.193971	0.012040	1.141769	converged	confirm_disabled
mvfstperf	connect	iouring	loopback	publication	1	cc=cubic|cpp_networkhub=on|socket=quic_async_udp_adapter|folly_eventbase=manual|udp_gso=common_cpp|udp_gro=on|runtime=none|pmtud=off|pacing=on	cubic	connections_per_second	6	selected_saturation	converged	converged	converged	20	839.253156	805.424876	855.452110	0.059609	1.130584	converged	p50_ci_width_0.0596_gt_0.0500;confirm_disabled;p50_ci_width_0.0596_gt_0.0500
mvfstperf	connect	iouring	loopback	publication	1	cc=cubic|cpp_networkhub=on|socket=quic_async_udp_adapter|folly_eventbase=manual|udp_gso=common_cpp|udp_gro=on|runtime=none|pmtud=off|pacing=on	cubic	connections_per_second	7	plateau_sentinel+post_selected	converged	converged	converged	20	829.426015	826.995777	834.992145	0.009641	1.061544	converged	confirm_disabled
mvfstperf	connect	syscall	loopback	publication	1	cc=cubic|cpp_networkhub=on|socket=quic_async_udp_adapter|folly_eventbase=manual|udp_gso=common_cpp|udp_gro=on|runtime=none|pmtud=off|pacing=on	cubic	connections_per_second	8	selected_saturation	converged	converged	converged	20	858.391124	851.159061	859.451227	0.009660	1.078276	converged	confirm_disabled
mvfstperf	connect	syscall	loopback	publication	1	cc=cubic|cpp_networkhub=on|socket=quic_async_udp_adapter|folly_eventbase=manual|udp_gso=common_cpp|udp_gro=on|runtime=none|pmtud=off|pacing=on	cubic	connections_per_second	9	plateau_sentinel+post_selected	converged	converged	converged	20	825.152644	811.216328	825.152644	0.016889	1.191283	converged	p80_p20_1.1913_gt_1.1500;confirm_disabled;p80_p20_1.1913_gt_1.1500
mvfstperf	download	iouring	loopback	publication	1	cc=cubic|cpp_networkhub=on|socket=quic_async_udp_adapter|folly_eventbase=manual|udp_gso=common_cpp|udp_gro=on|runtime=none|pmtud=off|pacing=on	cubic	throughput_gbps	1	baseline_1c1s+selected_saturation	converged	converged	converged	20	6.630543	6.560128	6.651972	0.013852	1.072006	converged	confirm_disabled
mvfstperf	download	iouring	loopback	publication	1	cc=cubic|cpp_networkhub=on|socket=quic_async_udp_adapter|folly_eventbase=manual|udp_gso=common_cpp|udp_gro=on|runtime=none|pmtud=off|pacing=on	cubic	throughput_gbps	2	plateau_sentinel+post_selected	converged	converged	converged	20	6.224258	6.182120	6.262106	0.012851	1.022379	converged	confirm_disabled
mvfstperf	download	syscall	loopback	publication	1	cc=cubic|cpp_networkhub=on|socket=quic_async_udp_adapter|folly_eventbase=manual|udp_gso=common_cpp|udp_gro=on|runtime=none|pmtud=off|pacing=on	cubic	throughput_gbps	1	baseline_1c1s+selected_saturation	converged	converged	converged	20	6.460152	6.191055	6.482487	0.045112	1.077192	converged	p50_ci_width_0.0451_gt_0.0300;confirm_disabled;p50_ci_width_0.0451_gt_0.0300
mvfstperf	download	syscall	loopback	publication	1	cc=cubic|cpp_networkhub=on|socket=quic_async_udp_adapter|folly_eventbase=manual|udp_gso=common_cpp|udp_gro=on|runtime=none|pmtud=off|pacing=on	cubic	throughput_gbps	2	plateau_sentinel+post_selected	converged	converged	converged	20	6.245511	6.231475	6.246180	0.002354	1.035262	converged	confirm_disabled
mvfstperf	upload	iouring	loopback	publication	1	cc=cubic|cpp_networkhub=on|socket=quic_async_udp_adapter|folly_eventbase=manual|udp_gso=common_cpp|udp_gro=on|runtime=none|pmtud=off|pacing=on	cubic	throughput_gbps	14	selected_saturation	converged	converged	converged	20	6.553247	6.553247	6.579560	0.004015	1.069579	converged	confirm_disabled
mvfstperf	upload	iouring	loopback	publication	1	cc=cubic|cpp_networkhub=on|socket=quic_async_udp_adapter|folly_eventbase=manual|udp_gso=common_cpp|udp_gro=on|runtime=none|pmtud=off|pacing=on	cubic	throughput_gbps	15	plateau_sentinel+post_selected	converged	converged	converged	20	6.070493	6.067293	6.174267	0.017622	1.046978	converged	confirm_disabled
mvfstperf	upload	syscall	loopback	publication	1	cc=cubic|cpp_networkhub=on|socket=quic_async_udp_adapter|folly_eventbase=manual|udp_gso=common_cpp|udp_gro=on|runtime=none|pmtud=off|pacing=on	cubic	throughput_gbps	15	selected_saturation+plateau_sentinel	converged	converged	converged	20	6.907475	6.848911	6.934416	0.012379	1.020510	converged	confirm_disabled
neqoperf	connect	iouring	loopback	publication	1	cc=cubic|sans_io=neqo-transport|cpp_networkhub=on|runtime=none|tls_verify=config_chain_preflight|udp_gso=common_cpp|udp_gro=on	cubic	connections_per_second	5	selected_saturation	converged	converged	converged	20	783.894290	740.316243	806.721268	0.084712	1.186078	converged	p50_ci_width_0.0847_gt_0.0500;p80_p20_1.1861_gt_1.1500;confirm_disabled;p50_ci_width_0.0847_gt_0.0500;p80_p20_1.1861_gt_1.1500
neqoperf	connect	iouring	loopback	publication	1	cc=cubic|sans_io=neqo-transport|cpp_networkhub=on|runtime=none|tls_verify=config_chain_preflight|udp_gso=common_cpp|udp_gro=on	cubic	connections_per_second	6	plateau_sentinel+post_selected	converged	converged	converged	20	767.211264	758.578249	769.237557	0.013894	1.119997	converged	confirm_disabled
neqoperf	connect	syscall	loopback	publication	1	cc=cubic|sans_io=neqo-transport|cpp_networkhub=on|runtime=none|tls_verify=config_chain_preflight|udp_gso=common_cpp|udp_gro=on	cubic	connections_per_second	11	selected_saturation+plateau_sentinel	converged	converged	converged	20	1010.345591	993.743563	1060.714900	0.066286	1.143818	converged	p50_ci_width_0.0663_gt_0.0500;confirm_disabled;p50_ci_width_0.0663_gt_0.0500
neqoperf	download	iouring	loopback	publication	1	cc=cubic|sans_io=neqo-transport|cpp_networkhub=on|runtime=none|tls_verify=config_chain_preflight|udp_gso=common_cpp|udp_gro=on	cubic	throughput_gbps	1	baseline_1c1s+selected_saturation	converged	converged	converged	20	4.084490	4.069646	4.095389	0.006302	1.046093	converged	confirm_disabled
neqoperf	download	iouring	loopback	publication	1	cc=cubic|sans_io=neqo-transport|cpp_networkhub=on|runtime=none|tls_verify=config_chain_preflight|udp_gso=common_cpp|udp_gro=on	cubic	throughput_gbps	2	plateau_sentinel+post_selected	converged	converged	converged	20	3.683657	3.665975	3.837921	0.046678	1.085240	converged	p50_ci_width_0.0467_gt_0.0300;confirm_disabled;p50_ci_width_0.0467_gt_0.0300
neqoperf	download	syscall	loopback	publication	1	cc=cubic|sans_io=neqo-transport|cpp_networkhub=on|runtime=none|tls_verify=config_chain_preflight|udp_gso=common_cpp|udp_gro=on	cubic	throughput_gbps	1	baseline_1c1s+selected_saturation	converged	converged	converged	20	4.166774	4.087426	4.220155	0.031854	1.161122	converged	p50_ci_width_0.0319_gt_0.0300;p80_p20_1.1611_gt_1.1500;confirm_disabled;p50_ci_width_0.0319_gt_0.0300;p80_p20_1.1611_gt_1.1500
neqoperf	download	syscall	loopback	publication	1	cc=cubic|sans_io=neqo-transport|cpp_networkhub=on|runtime=none|tls_verify=config_chain_preflight|udp_gso=common_cpp|udp_gro=on	cubic	throughput_gbps	2	plateau_sentinel+post_selected	converged	converged	converged	20	3.713375	3.647392	4.130026	0.129972	1.159532	converged	p50_ci_width_0.1300_gt_0.0300;p80_p20_1.1595_gt_1.1500;block_median_ratio_1.1323_gt_1.1000;confirm_disabled;p50_ci_width_0.1300_gt_0.0300;p80_p20_1.1595_gt_1.1500;block_median_ratio_1.1323_gt_1.1000
neqoperf	upload	iouring	loopback	publication	1	cc=cubic|sans_io=neqo-transport|cpp_networkhub=on|runtime=none|tls_verify=config_chain_preflight|udp_gso=common_cpp|udp_gro=on	cubic	throughput_gbps	1	baseline_1c1s+selected_saturation	converged	converged	converged	20	3.975923	3.858446	4.181572	0.081271	1.187008	converged	p50_ci_width_0.0813_gt_0.0300;p80_p20_1.1870_gt_1.1500;confirm_disabled;p50_ci_width_0.0813_gt_0.0300;p80_p20_1.1870_gt_1.1500
neqoperf	upload	iouring	loopback	publication	1	cc=cubic|sans_io=neqo-transport|cpp_networkhub=on|runtime=none|tls_verify=config_chain_preflight|udp_gso=common_cpp|udp_gro=on	cubic	throughput_gbps	2	plateau_sentinel+post_selected	converged	converged	converged	20	2.785392	2.784987	2.785392	0.000145	1.354835	converged	p80_p20_1.3548_gt_1.1500;confirm_disabled;p80_p20_1.3548_gt_1.1500
neqoperf	upload	syscall	loopback	publication	1	cc=cubic|sans_io=neqo-transport|cpp_networkhub=on|runtime=none|tls_verify=config_chain_preflight|udp_gso=common_cpp|udp_gro=on	cubic	throughput_gbps	1	baseline_1c1s+selected_saturation	converged	converged	converged	20	4.158408	4.127436	4.291403	0.039430	1.072458	converged	p50_ci_width_0.0394_gt_0.0300;confirm_disabled;p50_ci_width_0.0394_gt_0.0300
neqoperf	upload	syscall	loopback	publication	1	cc=cubic|sans_io=neqo-transport|cpp_networkhub=on|runtime=none|tls_verify=config_chain_preflight|udp_gso=common_cpp|udp_gro=on	cubic	throughput_gbps	2	plateau_sentinel+post_selected	converged	converged	converged	20	2.624970	2.545411	2.629580	0.032065	1.140063	converged	p50_ci_width_0.0321_gt_0.0300;confirm_disabled;p50_ci_width_0.0321_gt_0.0300
ngtcp2perf	connect	iouring	loopback	publication	1	cc=cubic|udp_payload_shaping=off|pmtud=off|max_tx_payload=1452|udp_gso=common_cpp|udp_gro=on	cubic	connections_per_second	18	selected_saturation+plateau_sentinel	converged	converged	converged	20	9968.492186	9968.492186	10001.529931	0.003314	1.056703	converged	confirm_disabled
ngtcp2perf	connect	syscall	loopback	publication	1	cc=cubic|udp_payload_shaping=off|pmtud=off|max_tx_payload=1452|udp_gso=common_cpp|udp_gro=on	cubic	connections_per_second	7	selected_saturation	converged	converged	converged	20	3005.263133	2891.829663	3070.212683	0.059357	1.109562	converged	p50_ci_width_0.0594_gt_0.0500;confirm_disabled;p50_ci_width_0.0594_gt_0.0500
ngtcp2perf	connect	syscall	loopback	publication	1	cc=cubic|udp_payload_shaping=off|pmtud=off|max_tx_payload=1452|udp_gso=common_cpp|udp_gro=on	cubic	connections_per_second	8	plateau_sentinel+post_selected	converged	converged	converged	20	2993.765169	2835.289865	3091.222493	0.085489	1.182276	converged	p50_ci_width_0.0855_gt_0.0500;p80_p20_1.1823_gt_1.1500;confirm_disabled;p50_ci_width_0.0855_gt_0.0500;p80_p20_1.1823_gt_1.1500
ngtcp2perf	download	iouring	loopback	publication	1	cc=cubic|udp_payload_shaping=off|pmtud=off|max_tx_payload=1452|udp_gso=common_cpp|udp_gro=on	cubic	throughput_gbps	2	selected_saturation	converged	converged	converged	20	16.674042	16.573227	16.782160	0.012530	1.172773	converged	p80_p20_1.1728_gt_1.1500;confirm_disabled;p80_p20_1.1728_gt_1.1500
ngtcp2perf	download	iouring	loopback	publication	1	cc=cubic|udp_payload_shaping=off|pmtud=off|max_tx_payload=1452|udp_gso=common_cpp|udp_gro=on	cubic	throughput_gbps	3	plateau_sentinel+post_selected	converged	converged	converged	20	16.162040	16.151493	16.162040	0.000653	1.128805	converged	confirm_disabled
ngtcp2perf	download	syscall	loopback	publication	1	cc=cubic|udp_payload_shaping=off|pmtud=off|max_tx_payload=1452|udp_gso=common_cpp|udp_gro=on	cubic	throughput_gbps	1	baseline_1c1s+selected_saturation	converged	converged	converged	20	15.025589	14.495266	15.881548	0.092261	1.203758	converged	p50_ci_width_0.0923_gt_0.0300;p80_p20_1.2038_gt_1.1500;confirm_disabled;p50_ci_width_0.0923_gt_0.0300;p80_p20_1.2038_gt_1.1500
ngtcp2perf	download	syscall	loopback	publication	1	cc=cubic|udp_payload_shaping=off|pmtud=off|max_tx_payload=1452|udp_gso=common_cpp|udp_gro=on	cubic	throughput_gbps	2	plateau_sentinel+post_selected	converged	converged	converged	20	14.964488	14.419535	15.153969	0.049078	1.104128	converged	p50_ci_width_0.0491_gt_0.0300;confirm_disabled;p50_ci_width_0.0491_gt_0.0300
ngtcp2perf	upload	iouring	loopback	publication	1	cc=cubic|udp_payload_shaping=off|pmtud=off|max_tx_payload=1452|udp_gso=common_cpp|udp_gro=on	cubic	throughput_gbps	5	selected_saturation	converged	converged	converged	20	24.267239	24.198142	24.392392	0.008005	1.044682	converged	confirm_disabled
ngtcp2perf	upload	iouring	loopback	publication	1	cc=cubic|udp_payload_shaping=off|pmtud=off|max_tx_payload=1452|udp_gso=common_cpp|udp_gro=on	cubic	throughput_gbps	6	plateau_sentinel+post_selected	converged	converged	converged	20	23.840173	23.189722	25.919337	0.114496	1.130216	converged	p50_ci_width_0.1145_gt_0.0300;block_median_ratio_1.1177_gt_1.1000;confirm_disabled;p50_ci_width_0.1145_gt_0.0300;block_median_ratio_1.1177_gt_1.1000
ngtcp2perf	upload	syscall	loopback	publication	1	cc=cubic|udp_payload_shaping=off|pmtud=off|max_tx_payload=1452|udp_gso=common_cpp|udp_gro=on	cubic	throughput_gbps	3	selected_saturation	converged	converged	converged	20	27.141936	26.851451	27.159037	0.011332	1.025230	converged	confirm_disabled
ngtcp2perf	upload	syscall	loopback	publication	1	cc=cubic|udp_payload_shaping=off|pmtud=off|max_tx_payload=1452|udp_gso=common_cpp|udp_gro=on	cubic	throughput_gbps	4	plateau_sentinel+post_selected	converged	converged	converged	20	26.598814	26.556019	26.742736	0.007020	1.040004	converged	confirm_disabled
noqperf	connect	iouring	loopback	publication	1	cc=cubic|sans_io=noq-proto|cpp_networkhub=on|udp_gso=common_cpp|udp_gro=on|runtime=none	cubic	connections_per_second	10	selected_saturation	converged	converged	converged	20	6189.861511	6088.715462	6253.221936	0.026577	1.108286	converged	confirm_disabled
noqperf	connect	iouring	loopback	publication	1	cc=cubic|sans_io=noq-proto|cpp_networkhub=on|udp_gso=common_cpp|udp_gro=on|runtime=none	cubic	connections_per_second	11	plateau_sentinel+post_selected	converged	converged	converged	20	6174.292295	6051.538110	6195.956598	0.023390	1.135107	converged	confirm_disabled
noqperf	connect	syscall	loopback	publication	1	cc=cubic|sans_io=noq-proto|cpp_networkhub=on|udp_gso=common_cpp|udp_gro=on|runtime=none	cubic	connections_per_second	7	selected_saturation	converged	converged	converged	20	3090.890761	3072.633097	3119.832592	0.015271	1.050446	converged	confirm_disabled
noqperf	connect	syscall	loopback	publication	1	cc=cubic|sans_io=noq-proto|cpp_networkhub=on|udp_gso=common_cpp|udp_gro=on|runtime=none	cubic	connections_per_second	8	plateau_sentinel+post_selected	converged	converged	converged	20	3072.729481	3065.886820	3094.834324	0.009421	1.100274	converged	confirm_disabled
noqperf	download	iouring	loopback	publication	1	cc=cubic|sans_io=noq-proto|cpp_networkhub=on|udp_gso=common_cpp|udp_gro=on|runtime=none	cubic	throughput_gbps	2	selected_saturation	converged	converged	converged	20	5.254559	5.191469	5.275984	0.016084	1.132646	converged	confirm_disabled
noqperf	download	iouring	loopback	publication	1	cc=cubic|sans_io=noq-proto|cpp_networkhub=on|udp_gso=common_cpp|udp_gro=on|runtime=none	cubic	throughput_gbps	3	plateau_sentinel+post_selected	converged	converged	converged	20	4.779558	4.735414	4.920911	0.038810	1.089545	converged	p50_ci_width_0.0388_gt_0.0300;confirm_disabled;p50_ci_width_0.0388_gt_0.0300
noqperf	download	syscall	loopback	publication	1	cc=cubic|sans_io=noq-proto|cpp_networkhub=on|udp_gso=common_cpp|udp_gro=on|runtime=none	cubic	throughput_gbps	3	selected_saturation	converged	converged	converged	20	4.838655	4.835989	4.846376	0.002147	1.025508	converged	confirm_disabled
noqperf	download	syscall	loopback	publication	1	cc=cubic|sans_io=noq-proto|cpp_networkhub=on|udp_gso=common_cpp|udp_gro=on|runtime=none	cubic	throughput_gbps	4	plateau_sentinel+post_selected	converged	converged	converged	20	4.548139	4.520700	4.572793	0.011454	1.051287	converged	confirm_disabled
noqperf	upload	iouring	loopback	publication	1	cc=cubic|sans_io=noq-proto|cpp_networkhub=on|udp_gso=common_cpp|udp_gro=on|runtime=none	cubic	throughput_gbps	1	baseline_1c1s+selected_saturation	converged	converged	converged	20	3.568493	3.545453	3.639660	0.026400	1.083213	converged	confirm_disabled
noqperf	upload	iouring	loopback	publication	1	cc=cubic|sans_io=noq-proto|cpp_networkhub=on|udp_gso=common_cpp|udp_gro=on|runtime=none	cubic	throughput_gbps	2	plateau_sentinel+post_selected	converged	converged	converged	20	3.014454	3.012614	3.020005	0.002452	1.016593	converged	outliers_2;confirm_disabled;outliers_2
noqperf	upload	syscall	loopback	publication	1	cc=cubic|sans_io=noq-proto|cpp_networkhub=on|udp_gso=common_cpp|udp_gro=on|runtime=none	cubic	throughput_gbps	1	baseline_1c1s+selected_saturation	converged	converged	converged	20	3.016209	3.003531	3.035678	0.010658	1.023434	converged	confirm_disabled
noqperf	upload	syscall	loopback	publication	1	cc=cubic|sans_io=noq-proto|cpp_networkhub=on|udp_gso=common_cpp|udp_gro=on|runtime=none	cubic	throughput_gbps	2	plateau_sentinel+post_selected	converged	converged	converged	20	2.640911	2.628620	2.662017	0.012646	1.042689	converged	outliers_1;confirm_disabled;outliers_1
picoperf	connect	iouring	loopback	publication	1	cc=cubic|pmtud=off|packet_train=off|bdp_frame=on|bdp_seed=off|seed_now=off|udp_gso=common_cpp_after_impairment|udp_gro=on|mtu=1452|null_verifier=ed25519_sigalgs	cubic	connections_per_second	10	selected_saturation	converged	converged	converged	20	4338.462922	4217.588551	4631.025380	0.095296	1.177571	converged	p50_ci_width_0.0953_gt_0.0500;p80_p20_1.1776_gt_1.1500;confirm_disabled;p50_ci_width_0.0953_gt_0.0500;p80_p20_1.1776_gt_1.1500
picoperf	connect	iouring	loopback	publication	1	cc=cubic|pmtud=off|packet_train=off|bdp_frame=on|bdp_seed=off|seed_now=off|udp_gso=common_cpp_after_impairment|udp_gro=on|mtu=1452|null_verifier=ed25519_sigalgs	cubic	connections_per_second	11	plateau_sentinel+post_selected	converged	converged	converged	20	4257.885433	4129.888795	4323.450952	0.045460	1.167324	converged	p80_p20_1.1673_gt_1.1500;confirm_disabled;p80_p20_1.1673_gt_1.1500
picoperf	connect	syscall	loopback	publication	1	cc=cubic|pmtud=off|packet_train=off|bdp_frame=on|bdp_seed=off|seed_now=off|udp_gso=common_cpp_after_impairment|udp_gro=on|mtu=1452|null_verifier=ed25519_sigalgs	cubic	connections_per_second	7	selected_saturation	converged	converged	converged	20	2199.857603	2198.142564	2207.260707	0.004145	1.092241	converged	confirm_disabled
picoperf	connect	syscall	loopback	publication	1	cc=cubic|pmtud=off|packet_train=off|bdp_frame=on|bdp_seed=off|seed_now=off|udp_gso=common_cpp_after_impairment|udp_gro=on|mtu=1452|null_verifier=ed25519_sigalgs	cubic	connections_per_second	8	plateau_sentinel+post_selected	converged	converged	converged	20	2112.193923	2112.193923	2128.468136	0.007705	1.101069	converged	confirm_disabled
picoperf	download	iouring	loopback	publication	1	cc=cubic|pmtud=off|packet_train=off|bdp_frame=on|bdp_seed=off|seed_now=off|udp_gso=common_cpp_after_impairment|udp_gro=on|mtu=1452|null_verifier=ed25519_sigalgs	cubic	throughput_gbps	1	baseline_1c1s+selected_saturation	converged	converged	converged	20	5.164743	5.073336	5.267850	0.037662	1.181184	converged	p50_ci_width_0.0377_gt_0.0300;p80_p20_1.1812_gt_1.1500;confirm_disabled;p50_ci_width_0.0377_gt_0.0300;p80_p20_1.1812_gt_1.1500
picoperf	download	iouring	loopback	publication	1	cc=cubic|pmtud=off|packet_train=off|bdp_frame=on|bdp_seed=off|seed_now=off|udp_gso=common_cpp_after_impairment|udp_gro=on|mtu=1452|null_verifier=ed25519_sigalgs	cubic	throughput_gbps	2	plateau_sentinel+post_selected	converged	converged	converged	20	3.329691	3.118358	3.466086	0.104433	1.184349	converged	p50_ci_width_0.1044_gt_0.0300;p80_p20_1.1843_gt_1.1500;block_median_ratio_1.1115_gt_1.1000;confirm_disabled;p50_ci_width_0.1044_gt_0.0300;p80_p20_1.1843_gt_1.1500;block_median_ratio_1.1115_gt_1.1000
picoperf	download	syscall	loopback	publication	1	cc=cubic|pmtud=off|packet_train=off|bdp_frame=on|bdp_seed=off|seed_now=off|udp_gso=common_cpp_after_impairment|udp_gro=on|mtu=1452|null_verifier=ed25519_sigalgs	cubic	throughput_gbps	1	baseline_1c1s+selected_saturation	converged	converged	converged	20	8.050297	7.961233	8.540953	0.072012	1.093818	converged	p50_ci_width_0.0720_gt_0.0300;confirm_disabled;p50_ci_width_0.0720_gt_0.0300
picoperf	download	syscall	loopback	publication	1	cc=cubic|pmtud=off|packet_train=off|bdp_frame=on|bdp_seed=off|seed_now=off|udp_gso=common_cpp_after_impairment|udp_gro=on|mtu=1452|null_verifier=ed25519_sigalgs	cubic	throughput_gbps	2	plateau_sentinel+post_selected	converged	converged	converged	20	3.495401	3.447253	3.881915	0.124353	1.305224	converged	p50_ci_width_0.1244_gt_0.0300;p80_p20_1.3052_gt_1.1500;block_median_ratio_1.1261_gt_1.1000;confirm_disabled;p50_ci_width_0.1244_gt_0.0300;p80_p20_1.3052_gt_1.1500;block_median_ratio_1.1261_gt_1.1000
picoperf	upload	iouring	loopback	publication	1	cc=cubic|pmtud=off|packet_train=off|bdp_frame=on|bdp_seed=off|seed_now=off|udp_gso=common_cpp_after_impairment|udp_gro=on|mtu=1452|null_verifier=ed25519_sigalgs	cubic	throughput_gbps	5	selected_saturation	converged	converged	converged	20	11.474884	11.412097	11.518538	0.009276	1.043406	converged	confirm_disabled
picoperf	upload	iouring	loopback	publication	1	cc=cubic|pmtud=off|packet_train=off|bdp_frame=on|bdp_seed=off|seed_now=off|udp_gso=common_cpp_after_impairment|udp_gro=on|mtu=1452|null_verifier=ed25519_sigalgs	cubic	throughput_gbps	6	plateau_sentinel+post_selected	converged	converged	converged	20	11.411895	11.283528	11.581831	0.026140	1.092786	converged	confirm_disabled
picoperf	upload	syscall	loopback	publication	1	cc=cubic|pmtud=off|packet_train=off|bdp_frame=on|bdp_seed=off|seed_now=off|udp_gso=common_cpp_after_impairment|udp_gro=on|mtu=1452|null_verifier=ed25519_sigalgs	cubic	throughput_gbps	2	selected_saturation	converged	converged	converged	20	11.432897	11.432897	11.434361	0.000128	1.140153	converged	confirm_disabled
picoperf	upload	syscall	loopback	publication	1	cc=cubic|pmtud=off|packet_train=off|bdp_frame=on|bdp_seed=off|seed_now=off|udp_gso=common_cpp_after_impairment|udp_gro=on|mtu=1452|null_verifier=ed25519_sigalgs	cubic	throughput_gbps	3	plateau_sentinel+post_selected	converged	converged	converged	20	8.622632	8.532367	9.266738	0.085168	1.660152	converged	p50_ci_width_0.0852_gt_0.0300;p80_p20_1.6602_gt_1.1500;confirm_disabled;p50_ci_width_0.0852_gt_0.0300;p80_p20_1.6602_gt_1.1500
quicheperf	connect	iouring	loopback	publication	1	cc=cubic|migration=off|pmtud=off|max_windows=profile|udp_gso=common_cpp|udp_gro=on	cubic	connections_per_second	12	selected_saturation	converged	converged	converged	20	5791.114261	5591.738403	5911.185679	0.055162	1.083357	converged	p50_ci_width_0.0552_gt_0.0500;confirm_disabled;p50_ci_width_0.0552_gt_0.0500
quicheperf	connect	iouring	loopback	publication	1	cc=cubic|migration=off|pmtud=off|max_windows=profile|udp_gso=common_cpp|udp_gro=on	cubic	connections_per_second	13	plateau_sentinel+post_selected	converged	converged	converged	20	5690.880101	5642.100715	5736.332941	0.016558	1.055938	converged	confirm_disabled
quicheperf	connect	syscall	loopback	publication	1	cc=cubic|migration=off|pmtud=off|max_windows=profile|udp_gso=common_cpp|udp_gro=on	cubic	connections_per_second	8	selected_saturation+plateau_sentinel	converged	converged	converged	20	2436.649213	2428.635509	2458.088639	0.012088	1.138408	converged	confirm_disabled
quicheperf	download	iouring	loopback	publication	1	cc=cubic|migration=off|pmtud=off|max_windows=profile|udp_gso=common_cpp|udp_gro=on	cubic	throughput_gbps	2	selected_saturation	converged	converged	converged	20	7.756130	7.540797	7.868298	0.042225	1.072158	converged	p50_ci_width_0.0422_gt_0.0300;confirm_disabled;p50_ci_width_0.0422_gt_0.0300
quicheperf	download	iouring	loopback	publication	1	cc=cubic|migration=off|pmtud=off|max_windows=profile|udp_gso=common_cpp|udp_gro=on	cubic	throughput_gbps	3	plateau_sentinel+post_selected	converged	converged	converged	20	7.682611	7.373418	7.774656	0.052227	1.096208	converged	p50_ci_width_0.0522_gt_0.0300;confirm_disabled;p50_ci_width_0.0522_gt_0.0300
quicheperf	download	syscall	loopback	publication	1	cc=cubic|migration=off|pmtud=off|max_windows=profile|udp_gso=common_cpp|udp_gro=on	cubic	throughput_gbps	2	selected_saturation	converged	converged	converged	20	8.997457	8.852940	9.081077	0.025356	1.083846	converged	confirm_disabled
quicheperf	download	syscall	loopback	publication	1	cc=cubic|migration=off|pmtud=off|max_windows=profile|udp_gso=common_cpp|udp_gro=on	cubic	throughput_gbps	3	plateau_sentinel+post_selected	converged	converged	converged	20	8.831667	8.628549	9.131741	0.056976	1.072529	converged	p50_ci_width_0.0570_gt_0.0300;confirm_disabled;p50_ci_width_0.0570_gt_0.0300
quicheperf	upload	iouring	loopback	publication	1	cc=cubic|migration=off|pmtud=off|max_windows=profile|udp_gso=common_cpp|udp_gro=on	cubic	throughput_gbps	4	selected_saturation+plateau_sentinel	converged	converged	converged	20	12.812679	12.696608	12.858691	0.012650	1.022583	converged	confirm_disabled
quicheperf	upload	syscall	loopback	publication	1	cc=cubic|migration=off|pmtud=off|max_windows=profile|udp_gso=common_cpp|udp_gro=on	cubic	throughput_gbps	4	selected_saturation	converged	converged	converged	20	13.906682	13.798894	14.044604	0.017668	1.147749	converged	confirm_disabled
quicheperf	upload	syscall	loopback	publication	1	cc=cubic|migration=off|pmtud=off|max_windows=profile|udp_gso=common_cpp|udp_gro=on	cubic	throughput_gbps	5	plateau_sentinel+post_selected	converged	converged	converged	20	13.804269	13.743555	13.934996	0.013868	1.020980	converged	confirm_disabled
quiczigperf	connect	iouring	loopback	publication	1	cc=cubic|bbr=unsupported|packet_api=quic-zig-connection|cpp_networkhub=on|udp_gso=common_cpp|udp_gro=on|runtime=none|pmtud=off|pacing=library_default|send_backpressure=stream_window|flow_window=profile_request|server_send_rr=on	cubic	connections_per_second	11	selected_saturation	converged	converged	converged	20	3799.021948	3718.192405	4211.814086	0.129934	1.157345	converged	p50_ci_width_0.1299_gt_0.0500;p80_p20_1.1573_gt_1.1500;block_median_ratio_1.1328_gt_1.1000;confirm_disabled;p50_ci_width_0.1299_gt_0.0500;p80_p20_1.1573_gt_1.1500;block_median_ratio_1.1328_gt_1.1000
quiczigperf	connect	iouring	loopback	publication	1	cc=cubic|bbr=unsupported|packet_api=quic-zig-connection|cpp_networkhub=on|udp_gso=common_cpp|udp_gro=on|runtime=none|pmtud=off|pacing=library_default|send_backpressure=stream_window|flow_window=profile_request|server_send_rr=on	cubic	connections_per_second	12	plateau_sentinel+post_selected	converged	converged	converged	20	3767.745856	3716.891914	3809.124678	0.024480	1.078194	converged	confirm_disabled
quiczigperf	connect	syscall	loopback	publication	1	cc=cubic|bbr=unsupported|packet_api=quic-zig-connection|cpp_networkhub=on|udp_gso=common_cpp|udp_gro=on|runtime=none|pmtud=off|pacing=library_default|send_backpressure=stream_window|flow_window=profile_request|server_send_rr=on	cubic	connections_per_second	6	selected_saturation	converged	converged	converged	20	2320.150826	2261.631604	2456.745204	0.084095	1.124406	converged	p50_ci_width_0.0841_gt_0.0500;confirm_disabled;p50_ci_width_0.0841_gt_0.0500
quiczigperf	connect	syscall	loopback	publication	1	cc=cubic|bbr=unsupported|packet_api=quic-zig-connection|cpp_networkhub=on|udp_gso=common_cpp|udp_gro=on|runtime=none|pmtud=off|pacing=library_default|send_backpressure=stream_window|flow_window=profile_request|server_send_rr=on	cubic	connections_per_second	7	plateau_sentinel+post_selected	converged	converged	converged	20	2313.465688	2276.800423	2313.624759	0.015917	1.096813	converged	confirm_disabled
quiczigperf	download	iouring	loopback	publication	1	cc=cubic|bbr=unsupported|packet_api=quic-zig-connection|cpp_networkhub=on|udp_gso=common_cpp|udp_gro=on|runtime=none|pmtud=off|pacing=library_default|send_backpressure=stream_window|flow_window=profile_request|server_send_rr=on	cubic	throughput_gbps	1	baseline_1c1s+selected_saturation	converged	converged	converged	20	9.420408	9.405543	9.444366	0.004121	1.081872	converged	outliers_1;confirm_disabled;outliers_1
quiczigperf	download	iouring	loopback	publication	1	cc=cubic|bbr=unsupported|packet_api=quic-zig-connection|cpp_networkhub=on|udp_gso=common_cpp|udp_gro=on|runtime=none|pmtud=off|pacing=library_default|send_backpressure=stream_window|flow_window=profile_request|server_send_rr=on	cubic	throughput_gbps	2	plateau_sentinel+post_selected	converged	converged	converged	20	3.000973	2.810221	3.187522	0.125726	1.311665	converged	p50_ci_width_0.1257_gt_0.0300;p80_p20_1.3117_gt_1.1500;block_median_ratio_1.1343_gt_1.1000;confirm_disabled;p50_ci_width_0.1257_gt_0.0300;p80_p20_1.3117_gt_1.1500;block_median_ratio_1.1343_gt_1.1000
quiczigperf	download	syscall	loopback	publication	1	cc=cubic|bbr=unsupported|packet_api=quic-zig-connection|cpp_networkhub=on|udp_gso=common_cpp|udp_gro=on|runtime=none|pmtud=off|pacing=library_default|send_backpressure=stream_window|flow_window=profile_request|server_send_rr=on	cubic	throughput_gbps	1	baseline_1c1s+selected_saturation	converged	converged	converged	20	9.585001	9.459122	9.633523	0.018195	1.121827	converged	confirm_disabled
quiczigperf	download	syscall	loopback	publication	1	cc=cubic|bbr=unsupported|packet_api=quic-zig-connection|cpp_networkhub=on|udp_gso=common_cpp|udp_gro=on|runtime=none|pmtud=off|pacing=library_default|send_backpressure=stream_window|flow_window=profile_request|server_send_rr=on	cubic	throughput_gbps	2	plateau_sentinel+post_selected	converged	converged	converged	20	5.170763	4.444031	5.499111	0.204047	1.414466	converged	p50_ci_width_0.2040_gt_0.0300;p80_p20_1.4145_gt_1.1500;block_median_ratio_1.2374_gt_1.1000;confirm_disabled;p50_ci_width_0.2040_gt_0.0300;p80_p20_1.4145_gt_1.1500;block_median_ratio_1.2374_gt_1.1000
quiczigperf	upload	iouring	loopback	publication	1	cc=cubic|bbr=unsupported|packet_api=quic-zig-connection|cpp_networkhub=on|udp_gso=common_cpp|udp_gro=on|runtime=none|pmtud=off|pacing=library_default|send_backpressure=stream_window|flow_window=profile_request|server_send_rr=on	cubic	throughput_gbps	1	baseline_1c1s+selected_saturation	converged	converged	converged	20	9.206329	8.940846	9.255198	0.034145	1.089570	converged	p50_ci_width_0.0341_gt_0.0300;confirm_disabled;p50_ci_width_0.0341_gt_0.0300
quiczigperf	upload	iouring	loopback	publication	1	cc=cubic|bbr=unsupported|packet_api=quic-zig-connection|cpp_networkhub=on|udp_gso=common_cpp|udp_gro=on|runtime=none|pmtud=off|pacing=library_default|send_backpressure=stream_window|flow_window=profile_request|server_send_rr=on	cubic	throughput_gbps	2	plateau_sentinel+post_selected	converged	converged	converged	20	6.467595	6.135016	6.692761	0.086237	1.210972	converged	p50_ci_width_0.0862_gt_0.0300;p80_p20_1.2110_gt_1.1500;confirm_disabled;p50_ci_width_0.0862_gt_0.0300;p80_p20_1.2110_gt_1.1500
quiczigperf	upload	syscall	loopback	publication	1	cc=cubic|bbr=unsupported|packet_api=quic-zig-connection|cpp_networkhub=on|udp_gso=common_cpp|udp_gro=on|runtime=none|pmtud=off|pacing=library_default|send_backpressure=stream_window|flow_window=profile_request|server_send_rr=on	cubic	throughput_gbps	1	baseline_1c1s+selected_saturation	converged	converged	converged	20	9.277879	8.985239	9.980820	0.107307	1.118602	converged	p50_ci_width_0.1073_gt_0.0300;block_median_ratio_1.1108_gt_1.1000;confirm_disabled;p50_ci_width_0.1073_gt_0.0300;block_median_ratio_1.1108_gt_1.1000
quiczigperf	upload	syscall	loopback	publication	1	cc=cubic|bbr=unsupported|packet_api=quic-zig-connection|cpp_networkhub=on|udp_gso=common_cpp|udp_gro=on|runtime=none|pmtud=off|pacing=library_default|send_backpressure=stream_window|flow_window=profile_request|server_send_rr=on	cubic	throughput_gbps	2	plateau_sentinel+post_selected	converged	converged	converged	20	7.381297	7.361436	7.420987	0.008068	1.168956	converged	p80_p20_1.1690_gt_1.1500;confirm_disabled;p80_p20_1.1690_gt_1.1500
quinnperf	connect	iouring	loopback	publication	1	cc=cubic|sans_io=quinn-proto|cpp_networkhub=on|udp_gso=common_cpp|udp_gro=on|runtime=none	cubic	connections_per_second	14	selected_saturation	converged	converged	converged	20	7157.732729	6931.125190	7194.897060	0.036851	1.063375	converged	confirm_disabled
quinnperf	connect	iouring	loopback	publication	1	cc=cubic|sans_io=quinn-proto|cpp_networkhub=on|udp_gso=common_cpp|udp_gro=on|runtime=none	cubic	connections_per_second	15	plateau_sentinel+post_selected	converged	converged	converged	20	7131.954326	7068.144384	7238.601835	0.023901	1.067332	converged	confirm_disabled
quinnperf	connect	syscall	loopback	publication	1	cc=cubic|sans_io=quinn-proto|cpp_networkhub=on|udp_gso=common_cpp|udp_gro=on|runtime=none	cubic	connections_per_second	7	selected_saturation	converged	converged	converged	20	3257.025843	3227.349122	3262.738165	0.010865	1.070980	converged	confirm_disabled
quinnperf	connect	syscall	loopback	publication	1	cc=cubic|sans_io=quinn-proto|cpp_networkhub=on|udp_gso=common_cpp|udp_gro=on|runtime=none	cubic	connections_per_second	8	plateau_sentinel+post_selected	converged	converged	converged	20	3109.326574	2894.874349	3178.597845	0.091249	1.127496	converged	p50_ci_width_0.0912_gt_0.0500;confirm_disabled;p50_ci_width_0.0912_gt_0.0500
quinnperf	download	iouring	loopback	publication	1	cc=cubic|sans_io=quinn-proto|cpp_networkhub=on|udp_gso=common_cpp|udp_gro=on|runtime=none	cubic	throughput_gbps	2	selected_saturation	converged	converged	converged	20	6.588323	6.577764	6.602701	0.003785	1.134562	converged	confirm_disabled
quinnperf	download	iouring	loopback	publication	1	cc=cubic|sans_io=quinn-proto|cpp_networkhub=on|udp_gso=common_cpp|udp_gro=on|runtime=none	cubic	throughput_gbps	3	plateau_sentinel+post_selected	converged	converged	converged	20	6.127194	5.889648	6.341824	0.073798	1.119686	converged	p50_ci_width_0.0738_gt_0.0300;confirm_disabled;p50_ci_width_0.0738_gt_0.0300
quinnperf	download	syscall	loopback	publication	1	cc=cubic|sans_io=quinn-proto|cpp_networkhub=on|udp_gso=common_cpp|udp_gro=on|runtime=none	cubic	throughput_gbps	3	selected_saturation+plateau_sentinel	converged	converged	converged	20	5.831085	5.831085	6.065192	0.040148	1.125344	converged	p50_ci_width_0.0401_gt_0.0300;confirm_disabled;p50_ci_width_0.0401_gt_0.0300
quinnperf	upload	iouring	loopback	publication	1	cc=cubic|sans_io=quinn-proto|cpp_networkhub=on|udp_gso=common_cpp|udp_gro=on|runtime=none	cubic	throughput_gbps	1	baseline_1c1s+selected_saturation	converged	converged	converged	20	4.130215	4.070908	4.612115	0.131036	1.148286	converged	p50_ci_width_0.1310_gt_0.0300;block_median_ratio_1.1329_gt_1.1000;confirm_disabled;p50_ci_width_0.1310_gt_0.0300;block_median_ratio_1.1329_gt_1.1000
quinnperf	upload	iouring	loopback	publication	1	cc=cubic|sans_io=quinn-proto|cpp_networkhub=on|udp_gso=common_cpp|udp_gro=on|runtime=none	cubic	throughput_gbps	2	plateau_sentinel+post_selected	converged	converged	converged	20	3.629132	3.618216	3.630748	0.003453	1.016407	converged	confirm_disabled
quinnperf	upload	syscall	loopback	publication	1	cc=cubic|sans_io=quinn-proto|cpp_networkhub=on|udp_gso=common_cpp|udp_gro=on|runtime=none	cubic	throughput_gbps	1	baseline_1c1s+selected_saturation	converged	converged	converged	20	3.446281	3.440568	3.448079	0.002179	1.024826	converged	confirm_disabled
quinnperf	upload	syscall	loopback	publication	1	cc=cubic|sans_io=quinn-proto|cpp_networkhub=on|udp_gso=common_cpp|udp_gro=on|runtime=none	cubic	throughput_gbps	2	plateau_sentinel+post_selected	converged	converged	converged	20	3.174091	3.155430	3.185830	0.009578	1.020927	converged	confirm_disabled
s2nperf	connect	iouring	loopback	publication	1	cc=cubic|manual_endpoint=s2n-quic|cpp_networkhub=on|udp_gso=common_cpp|udp_gro=on|runtime=none	cubic	connections_per_second	11	selected_saturation	converged	converged	converged	20	5656.456478	5628.110860	5723.682289	0.016896	1.075441	converged	confirm_disabled
s2nperf	connect	iouring	loopback	publication	1	cc=cubic|manual_endpoint=s2n-quic|cpp_networkhub=on|udp_gso=common_cpp|udp_gro=on|runtime=none	cubic	connections_per_second	12	plateau_sentinel+post_selected	converged	converged	converged	20	5567.673969	5567.673969	5570.401361	0.000490	1.047537	converged	confirm_disabled
s2nperf	connect	syscall	loopback	publication	1	cc=cubic|manual_endpoint=s2n-quic|cpp_networkhub=on|udp_gso=common_cpp|udp_gro=on|runtime=none	cubic	connections_per_second	7	selected_saturation	converged	converged	converged	20	2827.714947	2813.105478	2864.055067	0.018018	1.068345	converged	confirm_disabled
s2nperf	connect	syscall	loopback	publication	1	cc=cubic|manual_endpoint=s2n-quic|cpp_networkhub=on|udp_gso=common_cpp|udp_gro=on|runtime=none	cubic	connections_per_second	8	plateau_sentinel+post_selected	converged	converged	converged	20	2678.445016	2581.167354	2761.460430	0.067313	1.161857	converged	p50_ci_width_0.0673_gt_0.0500;p80_p20_1.1619_gt_1.1500;confirm_disabled;p50_ci_width_0.0673_gt_0.0500;p80_p20_1.1619_gt_1.1500
s2nperf	download	iouring	loopback	publication	1	cc=cubic|manual_endpoint=s2n-quic|cpp_networkhub=on|udp_gso=common_cpp|udp_gro=on|runtime=none	cubic	throughput_gbps	6	selected_saturation+plateau_sentinel	converged	converged	converged	20	5.445554	5.084809	5.506939	0.077518	1.629332	converged	p50_ci_width_0.0775_gt_0.0300;p80_p20_1.6293_gt_1.1500;confirm_disabled;p50_ci_width_0.0775_gt_0.0300;p80_p20_1.6293_gt_1.1500
s2nperf	download	syscall	loopback	publication	1	cc=cubic|manual_endpoint=s2n-quic|cpp_networkhub=on|udp_gso=common_cpp|udp_gro=on|runtime=none	cubic	throughput_gbps	4	selected_saturation	converged	converged	converged	20	5.475502	5.475502	5.571966	0.017617	1.243562	converged	p80_p20_1.2436_gt_1.1500;confirm_disabled;p80_p20_1.2436_gt_1.1500
s2nperf	download	syscall	loopback	publication	1	cc=cubic|manual_endpoint=s2n-quic|cpp_networkhub=on|udp_gso=common_cpp|udp_gro=on|runtime=none	cubic	throughput_gbps	5	plateau_sentinel+post_selected	converged	converged	converged	20	4.818190	4.717631	5.129722	0.085528	1.491915	converged	p50_ci_width_0.0855_gt_0.0300;p80_p20_1.4919_gt_1.1500;confirm_disabled;p50_ci_width_0.0855_gt_0.0300;p80_p20_1.4919_gt_1.1500
s2nperf	upload	iouring	loopback	publication	1	cc=cubic|manual_endpoint=s2n-quic|cpp_networkhub=on|udp_gso=common_cpp|udp_gro=on|runtime=none	cubic	throughput_gbps	3	selected_saturation	converged	converged	converged	20	5.525716	5.444689	5.752873	0.055773	1.105773	converged	p50_ci_width_0.0558_gt_0.0300;confirm_disabled;p50_ci_width_0.0558_gt_0.0300
s2nperf	upload	iouring	loopback	publication	1	cc=cubic|manual_endpoint=s2n-quic|cpp_networkhub=on|udp_gso=common_cpp|udp_gro=on|runtime=none	cubic	throughput_gbps	4	plateau_sentinel+post_selected	converged	converged	converged	20	5.474089	5.245043	5.570837	0.059515	1.094373	converged	p50_ci_width_0.0595_gt_0.0300;confirm_disabled;p50_ci_width_0.0595_gt_0.0300
s2nperf	upload	syscall	loopback	publication	1	cc=cubic|manual_endpoint=s2n-quic|cpp_networkhub=on|udp_gso=common_cpp|udp_gro=on|runtime=none	cubic	throughput_gbps	2	selected_saturation	converged	converged	converged	20	5.989219	5.920309	6.031853	0.018624	1.076777	converged	confirm_disabled
s2nperf	upload	syscall	loopback	publication	1	cc=cubic|manual_endpoint=s2n-quic|cpp_networkhub=on|udp_gso=common_cpp|udp_gro=on|runtime=none	cubic	throughput_gbps	3	plateau_sentinel+post_selected	converged	converged	converged	20	5.939593	5.881111	5.962241	0.013659	1.090418	converged	confirm_disabled
tquicperf	connect	iouring	loopback	publication	1	cc=cubic|pacing=on|pmtud=off|send_batch=150|max_conns=server_connections|tls_sigalgs=explicit|udp_gso=common_cpp|udp_gro=on	cubic	connections_per_second	12	selected_saturation	converged	converged	converged	20	7220.246114	7168.251122	7226.052397	0.008005	1.056541	converged	confirm_disabled
tquicperf	connect	iouring	loopback	publication	1	cc=cubic|pacing=on|pmtud=off|send_batch=150|max_conns=server_connections|tls_sigalgs=explicit|udp_gso=common_cpp|udp_gro=on	cubic	connections_per_second	13	plateau_sentinel+post_selected	converged	converged	converged	20	7135.166694	7023.214203	7156.231004	0.018642	1.136608	converged	confirm_disabled
tquicperf	connect	syscall	loopback	publication	1	cc=cubic|pacing=on|pmtud=off|send_batch=150|max_conns=server_connections|tls_sigalgs=explicit|udp_gso=common_cpp|udp_gro=on	cubic	connections_per_second	9	selected_saturation	converged	converged	converged	20	2961.370148	2904.003088	3075.729407	0.057989	1.092525	converged	p50_ci_width_0.0580_gt_0.0500;confirm_disabled;p50_ci_width_0.0580_gt_0.0500
tquicperf	connect	syscall	loopback	publication	1	cc=cubic|pacing=on|pmtud=off|send_batch=150|max_conns=server_connections|tls_sigalgs=explicit|udp_gso=common_cpp|udp_gro=on	cubic	connections_per_second	10	plateau_sentinel+post_selected	converged	converged	converged	20	2954.520040	2945.836948	2960.532772	0.004974	1.050947	converged	confirm_disabled
tquicperf	download	iouring	loopback	publication	1	cc=cubic|pacing=on|pmtud=off|send_batch=150|max_conns=server_connections|tls_sigalgs=explicit|udp_gso=common_cpp|udp_gro=on	cubic	throughput_gbps	3	selected_saturation+plateau_sentinel	converged	converged	converged	20	6.547078	6.339039	6.585677	0.037671	1.051178	converged	p50_ci_width_0.0377_gt_0.0300;confirm_disabled;p50_ci_width_0.0377_gt_0.0300
tquicperf	download	syscall	loopback	publication	1	cc=cubic|pacing=on|pmtud=off|send_batch=150|max_conns=server_connections|tls_sigalgs=explicit|udp_gso=common_cpp|udp_gro=on	cubic	throughput_gbps	4	selected_saturation	converged	converged	converged	20	7.406345	7.337566	7.426431	0.011998	1.047738	converged	confirm_disabled
tquicperf	download	syscall	loopback	publication	1	cc=cubic|pacing=on|pmtud=off|send_batch=150|max_conns=server_connections|tls_sigalgs=explicit|udp_gso=common_cpp|udp_gro=on	cubic	throughput_gbps	5	plateau_sentinel+post_selected	converged	converged	converged	20	7.273573	7.262761	7.298578	0.004924	1.064861	converged	confirm_disabled
tquicperf	upload	iouring	loopback	publication	1	cc=cubic|pacing=on|pmtud=off|send_batch=150|max_conns=server_connections|tls_sigalgs=explicit|udp_gso=common_cpp|udp_gro=on	cubic	throughput_gbps	5	selected_saturation+plateau_sentinel	converged	converged	converged	20	10.060567	10.056126	10.107400	0.005097	1.041994	converged	confirm_disabled
tquicperf	upload	syscall	loopback	publication	1	cc=cubic|pacing=on|pmtud=off|send_batch=150|max_conns=server_connections|tls_sigalgs=explicit|udp_gso=common_cpp|udp_gro=on	cubic	throughput_gbps	5	selected_saturation	converged	converged	converged	20	11.058685	10.870311	11.715629	0.076439	1.157319	converged	p50_ci_width_0.0764_gt_0.0300;p80_p20_1.1573_gt_1.1500;confirm_disabled;p50_ci_width_0.0764_gt_0.0300;p80_p20_1.1573_gt_1.1500
tquicperf	upload	syscall	loopback	publication	1	cc=cubic|pacing=on|pmtud=off|send_batch=150|max_conns=server_connections|tls_sigalgs=explicit|udp_gso=common_cpp|udp_gro=on	cubic	throughput_gbps	6	plateau_sentinel+post_selected	converged	converged	converged	20	10.833496	10.515626	11.275320	0.070125	1.109007	converged	p50_ci_width_0.0701_gt_0.0300;confirm_disabled;p50_ci_width_0.0701_gt_0.0300
xquicperf	connect	iouring	loopback	publication	1	cc=cubic|pacing=on|sendmmsg=on|cid_len=12|qlog=off|tls_sigalgs=ssl_ctx_wrap|tls_verify=config_chain_preflight|udp_gso=common_cpp|udp_gro=on	cubic	connections_per_second	17	selected_saturation	converged	converged	converged	20	8833.428586	8714.711762	8915.176031	0.022694	1.143383	converged	confirm_disabled
xquicperf	connect	iouring	loopback	publication	1	cc=cubic|pacing=on|sendmmsg=on|cid_len=12|qlog=off|tls_sigalgs=ssl_ctx_wrap|tls_verify=config_chain_preflight|udp_gso=common_cpp|udp_gro=on	cubic	connections_per_second	18	plateau_sentinel+post_selected	converged	converged	converged	20	8530.305871	8376.270899	8605.847145	0.026913	1.075703	converged	confirm_disabled
xquicperf	connect	syscall	loopback	publication	1	cc=cubic|pacing=on|sendmmsg=on|cid_len=12|qlog=off|tls_sigalgs=ssl_ctx_wrap|tls_verify=config_chain_preflight|udp_gso=common_cpp|udp_gro=on	cubic	connections_per_second	7	selected_saturation	converged	converged	converged	20	3606.709152	3546.538357	3612.972232	0.018420	1.063395	converged	confirm_disabled
xquicperf	connect	syscall	loopback	publication	1	cc=cubic|pacing=on|sendmmsg=on|cid_len=12|qlog=off|tls_sigalgs=ssl_ctx_wrap|tls_verify=config_chain_preflight|udp_gso=common_cpp|udp_gro=on	cubic	connections_per_second	8	plateau_sentinel+post_selected	converged	converged	converged	20	3563.648191	3504.837998	3596.629788	0.025758	1.135197	converged	confirm_disabled
xquicperf	download	iouring	loopback	publication	1	cc=cubic|pacing=on|sendmmsg=on|cid_len=12|qlog=off|tls_sigalgs=ssl_ctx_wrap|tls_verify=config_chain_preflight|udp_gso=common_cpp|udp_gro=on	cubic	throughput_gbps	4	selected_saturation	converged	converged	converged	20	3.384320	3.326824	3.471332	0.042699	1.118520	converged	p50_ci_width_0.0427_gt_0.0300;confirm_disabled;p50_ci_width_0.0427_gt_0.0300
xquicperf	download	iouring	loopback	publication	1	cc=cubic|pacing=on|sendmmsg=on|cid_len=12|qlog=off|tls_sigalgs=ssl_ctx_wrap|tls_verify=config_chain_preflight|udp_gso=common_cpp|udp_gro=on	cubic	throughput_gbps	5	plateau_sentinel+post_selected	converged	converged	converged	20	3.359699	3.343843	3.363716	0.005915	1.140662	converged	confirm_disabled
xquicperf	download	syscall	loopback	publication	1	cc=cubic|pacing=on|sendmmsg=on|cid_len=12|qlog=off|tls_sigalgs=ssl_ctx_wrap|tls_verify=config_chain_preflight|udp_gso=common_cpp|udp_gro=on	cubic	throughput_gbps	3	selected_saturation	converged	converged	converged	20	4.865162	4.375754	5.123115	0.153615	1.299513	converged	p50_ci_width_0.1536_gt_0.0300;p80_p20_1.2995_gt_1.1500;block_median_ratio_1.1708_gt_1.1000;confirm_disabled;p50_ci_width_0.1536_gt_0.0300;p80_p20_1.2995_gt_1.1500;block_median_ratio_1.1708_gt_1.1000
xquicperf	download	syscall	loopback	publication	1	cc=cubic|pacing=on|sendmmsg=on|cid_len=12|qlog=off|tls_sigalgs=ssl_ctx_wrap|tls_verify=config_chain_preflight|udp_gso=common_cpp|udp_gro=on	cubic	throughput_gbps	4	plateau_sentinel+post_selected	converged	converged	converged	20	4.738338	4.336801	5.000798	0.140133	1.270724	converged	p50_ci_width_0.1401_gt_0.0300;p80_p20_1.2707_gt_1.1500;block_median_ratio_1.1531_gt_1.1000;confirm_disabled;p50_ci_width_0.1401_gt_0.0300;p80_p20_1.2707_gt_1.1500;block_median_ratio_1.1531_gt_1.1000
xquicperf	upload	iouring	loopback	publication	1	cc=cubic|pacing=on|sendmmsg=on|cid_len=12|qlog=off|tls_sigalgs=ssl_ctx_wrap|tls_verify=config_chain_preflight|udp_gso=common_cpp|udp_gro=on	cubic	throughput_gbps	1	baseline_1c1s+selected_saturation	converged	converged	converged	20	1.726123	1.718020	1.727138	0.005283	1.505691	converged	p80_p20_1.5057_gt_1.1500;confirm_disabled;p80_p20_1.5057_gt_1.1500
xquicperf	upload	iouring	loopback	publication	1	cc=cubic|pacing=on|sendmmsg=on|cid_len=12|qlog=off|tls_sigalgs=ssl_ctx_wrap|tls_verify=config_chain_preflight|udp_gso=common_cpp|udp_gro=on	cubic	throughput_gbps	2	plateau_sentinel+post_selected	converged	converged	converged	20	1.536850	1.523586	1.562753	0.025486	1.216367	converged	p80_p20_1.2164_gt_1.1500;confirm_disabled;p80_p20_1.2164_gt_1.1500
xquicperf	upload	syscall	loopback	publication	1	cc=cubic|pacing=on|sendmmsg=on|cid_len=12|qlog=off|tls_sigalgs=ssl_ctx_wrap|tls_verify=config_chain_preflight|udp_gso=common_cpp|udp_gro=on	cubic	throughput_gbps	4	selected_saturation	converged	converged	converged	20	3.131590	2.995256	3.146343	0.048246	1.106370	converged	p50_ci_width_0.0482_gt_0.0300;confirm_disabled;p50_ci_width_0.0482_gt_0.0300
xquicperf	upload	syscall	loopback	publication	1	cc=cubic|pacing=on|sendmmsg=on|cid_len=12|qlog=off|tls_sigalgs=ssl_ctx_wrap|tls_verify=config_chain_preflight|udp_gso=common_cpp|udp_gro=on	cubic	throughput_gbps	5	plateau_sentinel+post_selected	converged	converged	converged	20	3.100960	3.079464	3.148353	0.022215	1.085066	converged	confirm_disabled
