binary	scenario	network	metric	selected_threads	best_threads	boundary_threads	selection_probability_within_tolerance	best_p50	selected_p50	selected_vs_best_ratio	selected_vs_best_ci95_low	selected_vs_best_ci95_high	plateau_sentinel_count	edge_status	decision_status	reason
lsperf	bidi	iouring	throughput_gbps				0.000000	0.000000	0.000000	0.000000	0.000000	0.000000	0	not_ready	not_ready	no_ready_rows;t1:p50_ci_width_0.0767_gt_0.0300;p80_p20_1.3844_gt_1.1500;block_median_ratio_1.3069_gt_1.1000;drift_0.0486_gt_0.0300;severe_block_median_ratio_1.3069_gt_1.2500
lsperf	bidi	syscall	throughput_gbps				0.000000	0.000000	0.000000	0.000000	0.000000	0.000000	0	not_ready	not_ready	no_ready_rows;t1:p50_ci_width_0.1324_gt_0.0300;p80_p20_1.4427_gt_1.1500;block_median_ratio_1.5094_gt_1.1000;drift_-0.0888_gt_0.0300;severe_block_median_ratio_1.5094_gt_1.2500;severe_drift_-0.0888_gt_0.0800
lsperf	close_reset_cleanup	iouring	streams_per_second	2	2	3	1.000000	59125.063002	59125.063002	1.000000	1.000000	1.000000	0	not_ready	not_ready	sentinels_0_lt_2;t3:outliers_5;severe_outlier_blocks_4_gte_2
lsperf	close_reset_cleanup	syscall	streams_per_second				0.000000	0.000000	0.000000	0.000000	0.000000	0.000000	0	not_ready	not_ready	no_ready_rows;t1:outliers_1;persistent_outliers_1
lsperf	connect	iouring	connections_per_second				0.000000	0.000000	0.000000	0.000000	0.000000	0.000000	0	not_ready	not_ready	no_ready_rows;t1:outliers_1;persistent_outliers_1
lsperf	connect	syscall	connections_per_second	2	2	3	1.000000	2416.783179	2416.783179	1.000000	1.000000	1.000000	0	not_ready	not_ready	sentinels_0_lt_2;t3:p50_ci_width_0.0925_gt_0.0500;block_median_ratio_1.1813_gt_1.1000;drift_-0.0945_gt_0.0300;severe_drift_-0.0945_gt_0.0800
lsperf	download	iouring	throughput_gbps				0.000000	0.000000	0.000000	0.000000	0.000000	0.000000	0	not_ready	not_ready	no_ready_rows;t1:outliers_6;severe_outlier_blocks_4_gte_2
lsperf	download	syscall	throughput_gbps	3	3	4	1.000000	7.465902	7.465902	1.000000	1.000000	1.000000	0	not_ready	not_ready	sentinels_0_lt_2;t4:p50_ci_width_0.0600_gt_0.0300;block_median_ratio_1.1368_gt_1.1000;persistent_block_median_ratio_recent_1.1217_gt_1.1000
lsperf	flow_control	iouring	throughput_gbps				0.000000	0.000000	0.000000	0.000000	0.000000	0.000000	0	not_ready	not_ready	no_ready_rows;t1:p80_p20_1.2039_gt_1.1500;block_median_ratio_1.1957_gt_1.1000;outliers_1;persistent_block_median_ratio_recent_1.1948_gt_1.1000;persistent_p80_p20_recent_1.2285_gt_1.1500;persistent_outliers_1
lsperf	flow_control	syscall	throughput_gbps	1	1	2	1.000000	5.648001	5.648001	1.000000	1.000000	1.000000	0	not_ready	not_ready	sentinels_0_lt_2;t2:p50_ci_width_0.0770_gt_0.0500;p80_p20_1.2263_gt_1.1500;block_median_ratio_1.2156_gt_1.1000;drift_0.0673_gt_0.0300;outliers_2;severe_outlier_blocks_2_gte_2
lsperf	loss_recovery	iouring	throughput_gbps				0.000000	0.000000	0.000000	0.000000	0.000000	0.000000	0	not_ready	not_ready	no_ready_rows;t1:p50_ci_width_0.2459_gt_0.0800;p80_p20_1.4296_gt_1.1500;block_median_ratio_1.3833_gt_1.1000;severe_block_median_ratio_1.3833_gt_1.2500
lsperf	loss_recovery	syscall	throughput_gbps				0.000000	0.000000	0.000000	0.000000	0.000000	0.000000	0	not_ready	not_ready	no_ready_rows;t1:p50_ci_width_0.2774_gt_0.0800;p80_p20_2.1271_gt_1.1500;block_median_ratio_2.2204_gt_1.1000;drift_-0.1477_gt_0.0300;severe_block_median_ratio_2.2204_gt_1.2500;severe_p80_p20_2.1271_gt_1.5000;severe_drift_-0.1477_gt_0.0800
lsperf	multistream_download	iouring	throughput_gbps				0.000000	0.000000	0.000000	0.000000	0.000000	0.000000	0	not_ready	not_ready	no_ready_rows;t1:p50_ci_width_0.1364_gt_0.0300;p80_p20_1.3282_gt_1.1500;block_median_ratio_1.2657_gt_1.1000;severe_block_median_ratio_1.2657_gt_1.2500
lsperf	multistream_download	syscall	throughput_gbps				0.000000	0.000000	0.000000	0.000000	0.000000	0.000000	0	not_ready	not_ready	no_ready_rows;t1:p50_ci_width_0.0835_gt_0.0300;p80_p20_1.3088_gt_1.1500;block_median_ratio_1.2585_gt_1.1000;drift_-0.0385_gt_0.0300;severe_block_median_ratio_1.2585_gt_1.2500
lsperf	multistream_upload	iouring	throughput_gbps				0.000000	0.000000	0.000000	0.000000	0.000000	0.000000	0	not_ready	not_ready	no_ready_rows;t1:p50_ci_width_0.0811_gt_0.0300;p80_p20_1.2676_gt_1.1500;block_median_ratio_1.1613_gt_1.1000;drift_-0.0575_gt_0.0300;persistent_block_median_ratio_recent_1.1575_gt_1.1000;persistent_p80_p20_recent_1.2377_gt_1.1500;persistent_drift_-0.0575_gt_0.0300
lsperf	multistream_upload	syscall	throughput_gbps				0.000000	0.000000	0.000000	0.000000	0.000000	0.000000	0	not_ready	not_ready	no_ready_rows;t1:p50_ci_width_0.1543_gt_0.0300;p80_p20_1.3659_gt_1.1500;block_median_ratio_1.4480_gt_1.1000;severe_block_median_ratio_1.4480_gt_1.2500
lsperf	reqresp	iouring	requests_per_second	2	2	3	1.000000	54187.868204	54187.868204	1.000000	1.000000	1.000000	0	not_ready	not_ready	sentinels_0_lt_2;t3:block_median_ratio_1.1586_gt_1.1000;drift_-0.0661_gt_0.0300;persistent_drift_-0.0661_gt_0.0300
lsperf	reqresp	syscall	requests_per_second				0.000000	0.000000	0.000000	0.000000	0.000000	0.000000	0	not_ready	not_ready	no_ready_rows;t1:outliers_4;severe_outlier_blocks_3_gte_2
lsperf	small_payload_pps	iouring	messages_per_second	2	2	3	1.000000	59112.339157	59112.339157	1.000000	1.000000	1.000000	0	not_ready	not_ready	sentinels_0_lt_2;t3:block_median_ratio_1.1642_gt_1.1000;outliers_2;severe_outlier_blocks_2_gte_2
lsperf	small_payload_pps	syscall	messages_per_second	2	2	3	1.000000	224511.538851	224511.538851	1.000000	1.000000	1.000000	0	not_ready	not_ready	sentinels_0_lt_2;t3:p50_ci_width_0.1192_gt_0.0500;block_median_ratio_1.1460_gt_1.1000;drift_-0.0973_gt_0.0300;severe_drift_-0.0973_gt_0.0800
lsperf	stream_churn	iouring	streams_per_second	3	3	4	1.000000	59923.401869	59923.401869	1.000000	1.000000	1.000000	0	not_ready	not_ready	sentinels_0_lt_2;t4:block_median_ratio_1.1761_gt_1.1000;outliers_5;severe_outlier_blocks_3_gte_2
lsperf	stream_churn	syscall	streams_per_second	2	2	3	1.000000	223367.851029	223367.851029	1.000000	1.000000	1.000000	0	not_ready	not_ready	sentinels_0_lt_2;t3:block_median_ratio_1.1536_gt_1.1000;persistent_block_median_ratio_recent_1.1536_gt_1.1000
lsperf	upload	iouring	throughput_gbps				0.000000	0.000000	0.000000	0.000000	0.000000	0.000000	0	not_ready	not_ready	no_ready_rows;t1:p50_ci_width_0.0614_gt_0.0300;p80_p20_1.2246_gt_1.1500;block_median_ratio_1.1780_gt_1.1000;drift_0.0321_gt_0.0300;persistent_p80_p20_recent_1.2126_gt_1.1500;persistent_drift_0.0321_gt_0.0300
lsperf	upload	syscall	throughput_gbps				0.000000	0.000000	0.000000	0.000000	0.000000	0.000000	0	not_ready	not_ready	no_ready_rows;t1:p50_ci_width_0.0660_gt_0.0300;block_median_ratio_1.2128_gt_1.1000;persistent_block_median_ratio_recent_1.1322_gt_1.1000
mvfstperf	bidi	iouring	throughput_gbps				0.000000	0.000000	0.000000	0.000000	0.000000	0.000000	0	not_ready	not_ready	no_ready_rows;t1:p50_ci_width_0.0844_gt_0.0300;p80_p20_1.2338_gt_1.1500;block_median_ratio_1.2390_gt_1.1000;drift_-0.0822_gt_0.0300;severe_drift_-0.0822_gt_0.0800
mvfstperf	bidi	syscall	throughput_gbps				0.000000	0.000000	0.000000	0.000000	0.000000	0.000000	0	not_ready	not_ready	no_ready_rows;t1:block_median_ratio_1.1586_gt_1.1000;persistent_block_median_ratio_recent_1.1397_gt_1.1000
mvfstperf	close_reset_cleanup	iouring	streams_per_second	1	1	2	1.000000	6628.854532	6628.854532	1.000000	1.000000	1.000000	0	not_ready	not_ready	sentinels_0_lt_2;t2:block_median_ratio_1.1614_gt_1.1000;persistent_block_median_ratio_recent_1.1576_gt_1.1000
mvfstperf	close_reset_cleanup	syscall	streams_per_second	3	3	4	1.000000	8844.575006	8844.575006	1.000000	1.000000	1.000000	0	not_ready	not_ready	sentinels_0_lt_2;t4:block_median_ratio_1.1678_gt_1.1000
mvfstperf	connect	iouring	connections_per_second				0.000000	0.000000	0.000000	0.000000	0.000000	0.000000	0	not_ready	not_ready	no_ready_rows;t1:p50_ci_width_0.0944_gt_0.0500;p80_p20_1.1725_gt_1.1500;block_median_ratio_1.2041_gt_1.1000;drift_-0.0619_gt_0.0300;persistent_drift_-0.0619_gt_0.0300
mvfstperf	connect	syscall	connections_per_second				0.000000	0.000000	0.000000	0.000000	0.000000	0.000000	0	not_ready	not_ready	no_ready_rows;t1:p50_ci_width_0.0587_gt_0.0500;p80_p20_1.1693_gt_1.1500;block_median_ratio_1.1546_gt_1.1000;persistent_block_median_ratio_recent_1.1114_gt_1.1000;persistent_p80_p20_recent_1.1742_gt_1.1500
mvfstperf	download	iouring	throughput_gbps	2	2	4	1.000000	4.537576	4.537576	1.000000	1.000000	1.000000	2	ok	ready	-
mvfstperf	download	syscall	throughput_gbps	2	2	4	1.000000	5.011615	5.011615	1.000000	1.000000	1.000000	2	ok	ready	-
mvfstperf	flow_control	iouring	throughput_gbps	1	1	2	1.000000	3.023152	3.023152	1.000000	1.000000	1.000000	0	not_ready	not_ready	sentinels_0_lt_2;t2:p50_ci_width_0.0660_gt_0.0500;block_median_ratio_1.1083_gt_1.1000;drift_0.0970_gt_0.0300;severe_drift_0.0970_gt_0.0800
mvfstperf	flow_control	syscall	throughput_gbps	1	1	2	1.000000	3.447744	3.447744	1.000000	1.000000	1.000000	0	not_ready	not_ready	sentinels_0_lt_2;t2:p50_ci_width_0.0917_gt_0.0500;block_median_ratio_1.1799_gt_1.1000;persistent_block_median_ratio_recent_1.1681_gt_1.1000
mvfstperf	loss_recovery	iouring	throughput_gbps	5	5	6	1.000000	3.803908	3.803908	1.000000	1.000000	1.000000	0	not_ready	not_ready	sentinels_0_lt_2;t6:block_median_ratio_1.1194_gt_1.1000
mvfstperf	loss_recovery	syscall	throughput_gbps	3	3	4	1.000000	4.196781	4.196781	1.000000	1.000000	1.000000	0	not_ready	not_ready	sentinels_0_lt_2;t4:p50_ci_width_0.1298_gt_0.0800;block_median_ratio_1.1670_gt_1.1000;drift_-0.1103_gt_0.0300;severe_drift_-0.1103_gt_0.0800
mvfstperf	multistream_download	iouring	throughput_gbps	3	3	4	1.000000	3.851342	3.851342	1.000000	1.000000	1.000000	0	not_ready	not_ready	sentinels_0_lt_2;t4:p50_ci_width_0.0356_gt_0.0300;drift_0.0328_gt_0.0300;persistent_drift_0.0328_gt_0.0300
mvfstperf	multistream_download	syscall	throughput_gbps				0.000000	0.000000	0.000000	0.000000	0.000000	0.000000	0	not_ready	not_ready	no_ready_rows;t1:p50_ci_width_0.0370_gt_0.0300;block_median_ratio_1.1235_gt_1.1000;persistent_block_median_ratio_recent_1.1084_gt_1.1000
mvfstperf	multistream_upload	iouring	throughput_gbps				0.000000	0.000000	0.000000	0.000000	0.000000	0.000000	0	not_ready	not_ready	no_ready_rows;t1:p50_ci_width_0.0881_gt_0.0300;block_median_ratio_1.1505_gt_1.1000;drift_0.0642_gt_0.0300;persistent_block_median_ratio_recent_1.1505_gt_1.1000;persistent_drift_0.0642_gt_0.0300
mvfstperf	multistream_upload	syscall	throughput_gbps				0.000000	0.000000	0.000000	0.000000	0.000000	0.000000	0	not_ready	not_ready	no_ready_rows;t1:p50_ci_width_0.0521_gt_0.0300;block_median_ratio_1.1449_gt_1.1000;persistent_block_median_ratio_recent_1.1449_gt_1.1000
mvfstperf	reqresp	iouring	requests_per_second				0.000000	0.000000	0.000000	0.000000	0.000000	0.000000	0	not_ready	not_ready	no_ready_rows;t1:block_median_ratio_1.2123_gt_1.1000;persistent_block_median_ratio_recent_1.1150_gt_1.1000
mvfstperf	reqresp	syscall	requests_per_second	3	3	4	1.000000	8859.211388	8859.211388	1.000000	1.000000	1.000000	0	not_ready	not_ready	sentinels_0_lt_2;t4:block_median_ratio_1.1235_gt_1.1000
mvfstperf	small_payload_pps	iouring	messages_per_second	3	3	4	1.000000	8591.893195	8591.893195	1.000000	1.000000	1.000000	0	not_ready	not_ready	sentinels_0_lt_2;t4:block_median_ratio_1.1792_gt_1.1000;persistent_block_median_ratio_recent_1.1073_gt_1.1000
mvfstperf	small_payload_pps	syscall	messages_per_second	2	2	3	1.000000	7275.219064	7275.219064	1.000000	1.000000	1.000000	0	not_ready	not_ready	sentinels_0_lt_2;t3:block_median_ratio_1.1667_gt_1.1000
mvfstperf	stream_churn	iouring	streams_per_second	1	1	2	1.000000	6620.259129	6620.259129	1.000000	1.000000	1.000000	0	not_ready	not_ready	sentinels_0_lt_2;t2:block_median_ratio_1.1305_gt_1.1000;persistent_block_median_ratio_recent_1.1040_gt_1.1000
mvfstperf	stream_churn	syscall	streams_per_second	2	2	3	1.000000	7185.567850	7185.567850	1.000000	1.000000	1.000000	0	not_ready	not_ready	sentinels_0_lt_2;t3:p50_ci_width_0.0991_gt_0.0500;block_median_ratio_1.1399_gt_1.1000;persistent_block_median_ratio_recent_1.1399_gt_1.1000
mvfstperf	upload	iouring	throughput_gbps				0.000000	0.000000	0.000000	0.000000	0.000000	0.000000	0	not_ready	not_ready	no_ready_rows;t1:block_median_ratio_1.1109_gt_1.1000
mvfstperf	upload	syscall	throughput_gbps				0.000000	0.000000	0.000000	0.000000	0.000000	0.000000	0	not_ready	not_ready	no_ready_rows;t1:p50_ci_width_0.0554_gt_0.0300;drift_-0.0575_gt_0.0300;persistent_drift_-0.0575_gt_0.0300
neqoperf	bidi	iouring	throughput_gbps				0.000000	0.000000	0.000000	0.000000	0.000000	0.000000	0	not_ready	not_ready	no_ready_rows;t1:p50_ci_width_0.0393_gt_0.0300;p80_p20_1.1960_gt_1.1500;block_median_ratio_1.1753_gt_1.1000;persistent_p80_p20_recent_1.2333_gt_1.1500
neqoperf	bidi	syscall	throughput_gbps				0.000000	0.000000	0.000000	0.000000	0.000000	0.000000	0	not_ready	not_ready	no_ready_rows;t1:p50_ci_width_0.2361_gt_0.0300;p80_p20_1.3523_gt_1.1500;block_median_ratio_1.3270_gt_1.1000;drift_-0.0535_gt_0.0300;severe_block_median_ratio_1.3270_gt_1.2500
neqoperf	close_reset_cleanup	iouring	streams_per_second	1	1	2	1.000000	18278.432993	18278.432993	1.000000	1.000000	1.000000	0	not_ready	not_ready	sentinels_0_lt_2;t2:p80_p20_1.9122_gt_1.1500;block_median_ratio_1.1055_gt_1.1000;drift_0.0644_gt_0.0300;severe_p80_p20_1.9122_gt_1.5000
neqoperf	close_reset_cleanup	syscall	streams_per_second	1	1	2	1.000000	20712.167155	20712.167155	1.000000	1.000000	1.000000	0	not_ready	not_ready	sentinels_0_lt_2;t2:p80_p20_1.9616_gt_1.1500;outliers_7;severe_p80_p20_1.9616_gt_1.5000;severe_outlier_blocks_5_gte_2
neqoperf	connect	iouring	connections_per_second				0.000000	0.000000	0.000000	0.000000	0.000000	0.000000	0	not_ready	not_ready	no_ready_rows;t1:p50_ci_width_0.1096_gt_0.0500;p80_p20_1.2710_gt_1.1500;block_median_ratio_1.1409_gt_1.1000;drift_0.1046_gt_0.0300;severe_drift_0.1046_gt_0.0800
neqoperf	connect	syscall	connections_per_second				0.000000	0.000000	0.000000	0.000000	0.000000	0.000000	0	not_ready	not_ready	no_ready_rows;t1:p50_ci_width_0.0918_gt_0.0500;p80_p20_1.2398_gt_1.1500;block_median_ratio_1.1563_gt_1.1000;drift_-0.0448_gt_0.0300;persistent_block_median_ratio_recent_1.1315_gt_1.1000;persistent_p80_p20_recent_1.1912_gt_1.1500;persistent_drift_-0.0448_gt_0.0300
neqoperf	download	iouring	throughput_gbps	1	1	3	1.000000	3.138710	3.138710	1.000000	1.000000	1.000000	2	ok	ready	-
neqoperf	download	syscall	throughput_gbps	1	1	3	1.000000	3.271903	3.271903	1.000000	1.000000	1.000000	2	ok	ready	-
neqoperf	flow_control	iouring	throughput_gbps				0.000000	0.000000	0.000000	0.000000	0.000000	0.000000	0	not_ready	not_ready	no_ready_rows;t1:p50_ci_width_0.1356_gt_0.0500;p80_p20_1.2070_gt_1.1500;block_median_ratio_1.1817_gt_1.1000;drift_-0.0396_gt_0.0300;persistent_block_median_ratio_recent_1.1605_gt_1.1000;persistent_p80_p20_recent_1.2156_gt_1.1500;persistent_drift_-0.0396_gt_0.0300
neqoperf	flow_control	syscall	throughput_gbps				0.000000	0.000000	0.000000	0.000000	0.000000	0.000000	0	not_ready	not_ready	no_ready_rows;t1:p50_ci_width_0.0816_gt_0.0500;p80_p20_1.2121_gt_1.1500;block_median_ratio_1.2327_gt_1.1000;drift_0.0880_gt_0.0300;severe_drift_0.0880_gt_0.0800
neqoperf	loss_recovery	iouring	throughput_gbps	1	1	3	1.000000	3.944249	3.944249	1.000000	1.000000	1.000000	2	ok	ready	-
neqoperf	loss_recovery	syscall	throughput_gbps	1	1	2	1.000000	3.800555	3.800555	1.000000	1.000000	1.000000	0	not_ready	not_ready	sentinels_0_lt_2;t2:block_median_ratio_1.1883_gt_1.1000;drift_0.0358_gt_0.0300;persistent_block_median_ratio_recent_1.1590_gt_1.1000;persistent_drift_0.0358_gt_0.0300
neqoperf	multistream_download	iouring	throughput_gbps	1	1	3	1.000000	2.693163	2.693163	1.000000	1.000000	1.000000	1	not_ready	not_ready	sentinels_1_lt_2;t3:block_median_ratio_1.1556_gt_1.1000
neqoperf	multistream_download	syscall	throughput_gbps				0.000000	0.000000	0.000000	0.000000	0.000000	0.000000	0	not_ready	not_ready	no_ready_rows;t1:p50_ci_width_0.3338_gt_0.0300;p80_p20_1.5407_gt_1.1500;block_median_ratio_1.5178_gt_1.1000;severe_block_median_ratio_1.5178_gt_1.2500;severe_p80_p20_1.5407_gt_1.5000
neqoperf	multistream_upload	iouring	throughput_gbps	1	1	3	1.000000	2.743929	2.743929	1.000000	1.000000	1.000000	1	not_ready	not_ready	sentinels_1_lt_2;t3:p50_ci_width_0.0878_gt_0.0300;block_median_ratio_1.2394_gt_1.1000;drift_0.0565_gt_0.0300;persistent_block_median_ratio_recent_1.1767_gt_1.1000;persistent_drift_0.0565_gt_0.0300
neqoperf	multistream_upload	syscall	throughput_gbps	1	1	3	1.000000	2.936580	2.936580	1.000000	1.000000	1.000000	2	ok	ready	-
neqoperf	reqresp	iouring	requests_per_second	1	1	2	1.000000	17952.885174	17952.885174	1.000000	1.000000	1.000000	0	not_ready	not_ready	sentinels_0_lt_2;t2:p80_p20_1.8841_gt_1.1500;outliers_7;severe_p80_p20_1.8841_gt_1.5000;severe_outlier_blocks_5_gte_2
neqoperf	reqresp	syscall	requests_per_second	1	1	2	1.000000	20353.927435	20353.927435	1.000000	1.000000	1.000000	0	not_ready	not_ready	sentinels_0_lt_2;t2:outliers_4;severe_outlier_blocks_4_gte_2
neqoperf	small_payload_pps	iouring	messages_per_second	1	1	2	1.000000	18054.953771	18054.953771	1.000000	1.000000	1.000000	0	not_ready	not_ready	sentinels_0_lt_2;t2:p80_p20_1.9987_gt_1.1500;block_median_ratio_2.0976_gt_1.1000;severe_block_median_ratio_2.0976_gt_1.2500;severe_p80_p20_1.9987_gt_1.5000
neqoperf	small_payload_pps	syscall	messages_per_second	1	1	2	1.000000	20212.727779	20212.727779	1.000000	1.000000	1.000000	0	not_ready	not_ready	sentinels_0_lt_2;t2:outliers_3;severe_outlier_blocks_3_gte_2
neqoperf	stream_churn	iouring	streams_per_second	1	1	2	1.000000	18265.506712	18265.506712	1.000000	1.000000	1.000000	0	not_ready	not_ready	sentinels_0_lt_2;t2:outliers_4;severe_outlier_blocks_3_gte_2
neqoperf	stream_churn	syscall	streams_per_second	2	2	4	1.000000	23861.712620	23861.712620	1.000000	1.000000	1.000000	2	ok	ready	-
neqoperf	upload	iouring	throughput_gbps				0.000000	0.000000	0.000000	0.000000	0.000000	0.000000	0	not_ready	not_ready	no_ready_rows;t1:p50_ci_width_0.0608_gt_0.0300;block_median_ratio_1.1788_gt_1.1000;persistent_block_median_ratio_recent_1.1788_gt_1.1000
neqoperf	upload	syscall	throughput_gbps				0.000000	0.000000	0.000000	0.000000	0.000000	0.000000	0	not_ready	not_ready	no_ready_rows;t1:block_median_ratio_1.1035_gt_1.1000
ngtcp2perf	bidi	iouring	throughput_gbps				0.000000	0.000000	0.000000	0.000000	0.000000	0.000000	0	not_ready	not_ready	no_ready_rows;t1:p50_ci_width_0.1620_gt_0.0300;p80_p20_1.3747_gt_1.1500;block_median_ratio_1.3380_gt_1.1000;severe_block_median_ratio_1.3380_gt_1.2500
ngtcp2perf	bidi	syscall	throughput_gbps				0.000000	0.000000	0.000000	0.000000	0.000000	0.000000	0	not_ready	not_ready	no_ready_rows;t1:p50_ci_width_0.1729_gt_0.0300;p80_p20_1.3043_gt_1.1500;block_median_ratio_1.4372_gt_1.1000;drift_0.0876_gt_0.0300;severe_block_median_ratio_1.4372_gt_1.2500;severe_drift_0.0876_gt_0.0800
ngtcp2perf	close_reset_cleanup	iouring	streams_per_second	1	1	2	1.000000	101140.307705	101140.307705	1.000000	1.000000	1.000000	0	not_ready	not_ready	sentinels_0_lt_2;t2:p50_ci_width_0.1083_gt_0.0500;block_median_ratio_1.1526_gt_1.1000;persistent_block_median_ratio_recent_1.1526_gt_1.1000
ngtcp2perf	close_reset_cleanup	syscall	streams_per_second				0.000000	0.000000	0.000000	0.000000	0.000000	0.000000	0	not_ready	not_ready	no_ready_rows;t1:outliers_3;severe_outlier_blocks_2_gte_2
ngtcp2perf	connect	iouring	connections_per_second				0.000000	0.000000	0.000000	0.000000	0.000000	0.000000	0	not_ready	not_ready	no_ready_rows;t1:p50_ci_width_0.0714_gt_0.0500;p80_p20_1.2218_gt_1.1500;block_median_ratio_1.1558_gt_1.1000;persistent_block_median_ratio_recent_1.1121_gt_1.1000;persistent_p80_p20_recent_1.2302_gt_1.1500
ngtcp2perf	connect	syscall	connections_per_second				0.000000	0.000000	0.000000	0.000000	0.000000	0.000000	0	not_ready	not_ready	no_ready_rows;t1:p50_ci_width_0.1568_gt_0.0500;p80_p20_1.4034_gt_1.1500;block_median_ratio_1.4221_gt_1.1000;severe_block_median_ratio_1.4221_gt_1.2500
ngtcp2perf	download	iouring	throughput_gbps	1	1	2	1.000000	7.865261	7.865261	1.000000	1.000000	1.000000	0	not_ready	not_ready	sentinels_0_lt_2;t2:p50_ci_width_0.0526_gt_0.0300;block_median_ratio_1.1878_gt_1.1000;drift_0.0506_gt_0.0300;persistent_block_median_ratio_recent_1.1294_gt_1.1000;persistent_drift_0.0506_gt_0.0300
ngtcp2perf	download	syscall	throughput_gbps				0.000000	0.000000	0.000000	0.000000	0.000000	0.000000	0	not_ready	not_ready	no_ready_rows;t1:p50_ci_width_0.0306_gt_0.0300;p80_p20_1.1555_gt_1.1500;block_median_ratio_1.1071_gt_1.1000;persistent_p80_p20_recent_1.1819_gt_1.1500
ngtcp2perf	flow_control	iouring	throughput_gbps				0.000000	0.000000	0.000000	0.000000	0.000000	0.000000	0	not_ready	not_ready	no_ready_rows;t1:p50_ci_width_0.1494_gt_0.0500;p80_p20_1.2162_gt_1.1500;block_median_ratio_1.5376_gt_1.1000;drift_-0.0331_gt_0.0300;severe_block_median_ratio_1.5376_gt_1.2500
ngtcp2perf	flow_control	syscall	throughput_gbps				0.000000	0.000000	0.000000	0.000000	0.000000	0.000000	0	not_ready	not_ready	no_ready_rows;t1:p80_p20_1.1695_gt_1.1500;block_median_ratio_1.2056_gt_1.1000;outliers_5;severe_outlier_blocks_4_gte_2
ngtcp2perf	loss_recovery	iouring	throughput_gbps				0.000000	0.000000	0.000000	0.000000	0.000000	0.000000	0	not_ready	not_ready	no_ready_rows;t1:p50_ci_width_0.1119_gt_0.0800;p80_p20_1.3260_gt_1.1500;block_median_ratio_1.3059_gt_1.1000;drift_-0.0610_gt_0.0300;severe_block_median_ratio_1.3059_gt_1.2500
ngtcp2perf	loss_recovery	syscall	throughput_gbps				0.000000	0.000000	0.000000	0.000000	0.000000	0.000000	0	not_ready	not_ready	no_ready_rows;t1:p50_ci_width_0.1959_gt_0.0800;p80_p20_1.4033_gt_1.1500;block_median_ratio_1.5105_gt_1.1000;severe_block_median_ratio_1.5105_gt_1.2500
ngtcp2perf	multistream_download	iouring	throughput_gbps				0.000000	0.000000	0.000000	0.000000	0.000000	0.000000	0	not_ready	not_ready	no_ready_rows;t1:p50_ci_width_0.1894_gt_0.0300;p80_p20_1.4676_gt_1.1500;block_median_ratio_1.4176_gt_1.1000;drift_0.1683_gt_0.0300;severe_block_median_ratio_1.4176_gt_1.2500;severe_drift_0.1683_gt_0.0800
ngtcp2perf	multistream_download	syscall	throughput_gbps				0.000000	0.000000	0.000000	0.000000	0.000000	0.000000	0	not_ready	not_ready	no_ready_rows;t1:p50_ci_width_0.1335_gt_0.0300;p80_p20_1.3284_gt_1.1500;block_median_ratio_1.3109_gt_1.1000;drift_-0.1305_gt_0.0300;severe_block_median_ratio_1.3109_gt_1.2500;severe_drift_-0.1305_gt_0.0800
ngtcp2perf	multistream_upload	iouring	throughput_gbps				0.000000	0.000000	0.000000	0.000000	0.000000	0.000000	0	not_ready	not_ready	no_ready_rows;t1:p50_ci_width_0.2370_gt_0.0300;p80_p20_1.3308_gt_1.1500;block_median_ratio_1.2653_gt_1.1000;drift_-0.1615_gt_0.0300;severe_block_median_ratio_1.2653_gt_1.2500;severe_drift_-0.1615_gt_0.0800
ngtcp2perf	multistream_upload	syscall	throughput_gbps				0.000000	0.000000	0.000000	0.000000	0.000000	0.000000	0	not_ready	not_ready	no_ready_rows;t1:p50_ci_width_0.1259_gt_0.0300;p80_p20_1.2298_gt_1.1500;block_median_ratio_1.2344_gt_1.1000;persistent_block_median_ratio_recent_1.2344_gt_1.1000;persistent_p80_p20_recent_1.2449_gt_1.1500
ngtcp2perf	reqresp	iouring	requests_per_second	1	1	2	1.000000	91390.010325	91390.010325	1.000000	1.000000	1.000000	0	not_ready	not_ready	sentinels_0_lt_2;t2:outliers_8;severe_outlier_blocks_5_gte_2
ngtcp2perf	reqresp	syscall	requests_per_second	2	2	3	1.000000	157569.605968	157569.605968	1.000000	1.000000	1.000000	0	not_ready	not_ready	sentinels_0_lt_2;t3:p50_ci_width_0.0572_gt_0.0500;block_median_ratio_1.1474_gt_1.1000;drift_0.0326_gt_0.0300;persistent_drift_0.0326_gt_0.0300
ngtcp2perf	small_payload_pps	iouring	messages_per_second	3	3	4	1.000000	125672.266205	125672.266205	1.000000	1.000000	1.000000	0	not_ready	not_ready	sentinels_0_lt_2;t4:block_median_ratio_1.1265_gt_1.1000
ngtcp2perf	small_payload_pps	syscall	messages_per_second	1	1	2	1.000000	148637.935601	148637.935601	1.000000	1.000000	1.000000	0	not_ready	not_ready	sentinels_0_lt_2;t2:block_median_ratio_1.1184_gt_1.1000;drift_-0.0433_gt_0.0300;outliers_1;persistent_drift_-0.0433_gt_0.0300;persistent_outliers_1
ngtcp2perf	stream_churn	iouring	streams_per_second	1	1	2	1.000000	101398.971213	101398.971213	1.000000	1.000000	1.000000	0	not_ready	not_ready	sentinels_0_lt_2;t2:block_median_ratio_1.1158_gt_1.1000;drift_0.0918_gt_0.0300;severe_drift_0.0918_gt_0.0800
ngtcp2perf	stream_churn	syscall	streams_per_second	1	1	2	1.000000	149255.295099	149255.295099	1.000000	1.000000	1.000000	0	not_ready	not_ready	sentinels_0_lt_2;t2:p50_ci_width_0.0690_gt_0.0500;block_median_ratio_1.1357_gt_1.1000;drift_0.0422_gt_0.0300;persistent_block_median_ratio_recent_1.1162_gt_1.1000;persistent_drift_0.0422_gt_0.0300
ngtcp2perf	upload	iouring	throughput_gbps				0.000000	0.000000	0.000000	0.000000	0.000000	0.000000	0	not_ready	not_ready	no_ready_rows;t1:p50_ci_width_0.0857_gt_0.0300;p80_p20_1.1872_gt_1.1500;block_median_ratio_1.1783_gt_1.1000;drift_-0.0597_gt_0.0300;persistent_block_median_ratio_recent_1.1335_gt_1.1000;persistent_drift_-0.0597_gt_0.0300
ngtcp2perf	upload	syscall	throughput_gbps				0.000000	0.000000	0.000000	0.000000	0.000000	0.000000	0	not_ready	not_ready	no_ready_rows;t1:p50_ci_width_0.1279_gt_0.0300;p80_p20_1.2088_gt_1.1500;block_median_ratio_1.2553_gt_1.1000;drift_-0.0609_gt_0.0300;severe_block_median_ratio_1.2553_gt_1.2500
noqperf	bidi	iouring	throughput_gbps				0.000000	0.000000	0.000000	0.000000	0.000000	0.000000	0	not_ready	not_ready	no_ready_rows;t1:p50_ci_width_0.0309_gt_0.0300;block_median_ratio_1.1164_gt_1.1000;drift_0.0312_gt_0.0300;persistent_drift_0.0312_gt_0.0300
noqperf	bidi	syscall	throughput_gbps				0.000000	0.000000	0.000000	0.000000	0.000000	0.000000	0	not_ready	not_ready	no_ready_rows;t1:p50_ci_width_0.0363_gt_0.0300;block_median_ratio_1.1328_gt_1.1000;persistent_block_median_ratio_recent_1.1319_gt_1.1000
noqperf	close_reset_cleanup	iouring	streams_per_second	2	2	3	1.000000	49065.285223	49065.285223	1.000000	1.000000	1.000000	0	not_ready	not_ready	sentinels_0_lt_2;t3:block_median_ratio_1.1183_gt_1.1000;drift_-0.0361_gt_0.0300;persistent_drift_-0.0361_gt_0.0300
noqperf	close_reset_cleanup	syscall	streams_per_second	2	2	3	1.000000	58216.744517	58216.744517	1.000000	1.000000	1.000000	0	not_ready	not_ready	sentinels_0_lt_2;t3:block_median_ratio_1.1089_gt_1.1000;persistent_block_median_ratio_recent_1.1020_gt_1.1000
noqperf	connect	iouring	connections_per_second				0.000000	0.000000	0.000000	0.000000	0.000000	0.000000	0	not_ready	not_ready	no_ready_rows;t1:p80_p20_1.2135_gt_1.1500;block_median_ratio_1.2237_gt_1.1000;drift_0.0329_gt_0.0300;persistent_block_median_ratio_recent_1.2027_gt_1.1000;persistent_p80_p20_recent_1.1983_gt_1.1500;persistent_drift_0.0329_gt_0.0300
noqperf	connect	syscall	connections_per_second				0.000000	0.000000	0.000000	0.000000	0.000000	0.000000	0	not_ready	not_ready	no_ready_rows;t1:p80_p20_1.1648_gt_1.1500;block_median_ratio_1.1809_gt_1.1000;persistent_block_median_ratio_recent_1.1418_gt_1.1000
noqperf	download	iouring	throughput_gbps	2	2	4	1.000000	3.354259	3.354259	1.000000	1.000000	1.000000	2	ok	ready	-
noqperf	download	syscall	throughput_gbps				0.000000	0.000000	0.000000	0.000000	0.000000	0.000000	0	not_ready	not_ready	no_ready_rows;t1:p50_ci_width_0.0552_gt_0.0300;block_median_ratio_1.2193_gt_1.1000;drift_-0.0446_gt_0.0300;persistent_drift_-0.0446_gt_0.0300
noqperf	flow_control	iouring	throughput_gbps	1	1	2	1.000000	2.117350	2.117350	1.000000	1.000000	1.000000	0	not_ready	not_ready	sentinels_0_lt_2;t2:p50_ci_width_0.1054_gt_0.0500;block_median_ratio_1.3584_gt_1.1000;severe_block_median_ratio_1.3584_gt_1.2500
noqperf	flow_control	syscall	throughput_gbps	1	1	2	1.000000	2.516723	2.516723	1.000000	1.000000	1.000000	0	not_ready	not_ready	sentinels_0_lt_2;t2:p50_ci_width_0.0701_gt_0.0500;p80_p20_1.3234_gt_1.1500;block_median_ratio_1.2680_gt_1.1000;drift_0.0896_gt_0.0300;severe_block_median_ratio_1.2680_gt_1.2500;severe_drift_0.0896_gt_0.0800
noqperf	loss_recovery	iouring	throughput_gbps	2	2	3	1.000000	2.794414	2.794414	1.000000	1.000000	1.000000	0	not_ready	not_ready	sentinels_0_lt_2;t3:block_median_ratio_1.1628_gt_1.1000;persistent_block_median_ratio_recent_1.1359_gt_1.1000
noqperf	loss_recovery	syscall	throughput_gbps	1	1	2	1.000000	3.040182	3.040182	1.000000	1.000000	1.000000	0	not_ready	not_ready	sentinels_0_lt_2;t2:p50_ci_width_0.0822_gt_0.0800;block_median_ratio_1.1191_gt_1.1000;drift_0.1113_gt_0.0300;severe_drift_0.1113_gt_0.0800
noqperf	multistream_download	iouring	throughput_gbps	1	1	2	1.000000	2.663830	2.663830	1.000000	1.000000	1.000000	0	not_ready	not_ready	sentinels_0_lt_2;t2:p50_ci_width_0.0871_gt_0.0300;p80_p20_1.1834_gt_1.1500;block_median_ratio_1.2468_gt_1.1000;drift_-0.0350_gt_0.0300;persistent_block_median_ratio_recent_1.2468_gt_1.1000;persistent_p80_p20_recent_1.2181_gt_1.1500;persistent_drift_-0.0350_gt_0.0300
noqperf	multistream_download	syscall	throughput_gbps				0.000000	0.000000	0.000000	0.000000	0.000000	0.000000	0	not_ready	not_ready	no_ready_rows;t1:p50_ci_width_0.0376_gt_0.0300;drift_0.0382_gt_0.0300;persistent_drift_0.0382_gt_0.0300
noqperf	multistream_upload	iouring	throughput_gbps	1	1	2	1.000000	2.801453	2.801453	1.000000	1.000000	1.000000	0	not_ready	not_ready	sentinels_0_lt_2;t2:p50_ci_width_0.0373_gt_0.0300;block_median_ratio_1.1509_gt_1.1000;drift_0.0410_gt_0.0300;persistent_block_median_ratio_recent_1.1277_gt_1.1000;persistent_drift_0.0410_gt_0.0300
noqperf	multistream_upload	syscall	throughput_gbps				0.000000	0.000000	0.000000	0.000000	0.000000	0.000000	0	not_ready	not_ready	no_ready_rows;t1:block_median_ratio_1.1174_gt_1.1000;persistent_block_median_ratio_recent_1.1174_gt_1.1000
noqperf	reqresp	iouring	requests_per_second				0.000000	0.000000	0.000000	0.000000	0.000000	0.000000	0	not_ready	not_ready	no_ready_rows;t1:outliers_3;severe_outlier_blocks_2_gte_2
noqperf	reqresp	syscall	requests_per_second	1	1	2	1.000000	54292.556703	54292.556703	1.000000	1.000000	1.000000	0	not_ready	not_ready	sentinels_0_lt_2;t2:block_median_ratio_1.1012_gt_1.1000;persistent_block_median_ratio_recent_1.1012_gt_1.1000
noqperf	small_payload_pps	iouring	messages_per_second				0.000000	0.000000	0.000000	0.000000	0.000000	0.000000	0	not_ready	not_ready	no_ready_rows;t1:outliers_3;severe_outlier_blocks_3_gte_2
noqperf	small_payload_pps	syscall	messages_per_second	2	2	3	1.000000	56290.351357	56290.351357	1.000000	1.000000	1.000000	0	not_ready	not_ready	sentinels_0_lt_2;t3:p50_ci_width_0.0559_gt_0.0500;drift_0.0358_gt_0.0300;persistent_drift_0.0358_gt_0.0300
noqperf	stream_churn	iouring	streams_per_second	1	1	2	1.000000	46359.604379	46359.604379	1.000000	1.000000	1.000000	0	not_ready	not_ready	sentinels_0_lt_2;t2:drift_-0.0309_gt_0.0300;outliers_1;persistent_drift_-0.0309_gt_0.0300;persistent_outliers_1
noqperf	stream_churn	syscall	streams_per_second	1	1	2	1.000000	55527.340959	55527.340959	1.000000	1.000000	1.000000	0	not_ready	not_ready	sentinels_0_lt_2;t2:p50_ci_width_0.0530_gt_0.0500;block_median_ratio_1.1373_gt_1.1000;persistent_block_median_ratio_recent_1.1373_gt_1.1000
noqperf	upload	iouring	throughput_gbps	1	1	3	1.000000	2.926943	2.926943	1.000000	1.000000	1.000000	2	ok	ready	-
noqperf	upload	syscall	throughput_gbps	1	1	3	1.000000	3.332551	3.332551	1.000000	1.000000	1.000000	2	ok	ready	-
picoperf	bidi	iouring	throughput_gbps				0.000000	0.000000	0.000000	0.000000	0.000000	0.000000	0	not_ready	not_ready	no_ready_rows;t1:p50_ci_width_0.1254_gt_0.0300;p80_p20_1.2836_gt_1.1500;block_median_ratio_1.2975_gt_1.1000;severe_block_median_ratio_1.2975_gt_1.2500
picoperf	bidi	syscall	throughput_gbps				0.000000	0.000000	0.000000	0.000000	0.000000	0.000000	0	not_ready	not_ready	no_ready_rows;t1:p50_ci_width_0.0994_gt_0.0300;p80_p20_1.3285_gt_1.1500;block_median_ratio_1.2802_gt_1.1000;drift_-0.0468_gt_0.0300;severe_block_median_ratio_1.2802_gt_1.2500
picoperf	close_reset_cleanup	iouring	streams_per_second				0.000000	0.000000	0.000000	0.000000	0.000000	0.000000	0	not_ready	not_ready	no_ready_rows;t1:outliers_2;severe_outlier_blocks_2_gte_2
picoperf	close_reset_cleanup	syscall	streams_per_second				0.000000	0.000000	0.000000	0.000000	0.000000	0.000000	0	not_ready	not_ready	no_ready_rows;t1:p50_ci_width_0.0987_gt_0.0500;p80_p20_1.2352_gt_1.1500;block_median_ratio_1.2291_gt_1.1000;drift_-0.1037_gt_0.0300;severe_drift_-0.1037_gt_0.0800
picoperf	connect	iouring	connections_per_second				0.000000	0.000000	0.000000	0.000000	0.000000	0.000000	0	not_ready	not_ready	no_ready_rows;t1:p80_p20_1.1889_gt_1.1500;block_median_ratio_1.1212_gt_1.1000;drift_0.0422_gt_0.0300;persistent_p80_p20_recent_1.2190_gt_1.1500;persistent_drift_0.0422_gt_0.0300
picoperf	connect	syscall	connections_per_second				0.000000	0.000000	0.000000	0.000000	0.000000	0.000000	0	not_ready	not_ready	no_ready_rows;t1:p50_ci_width_0.3089_gt_0.0500;p80_p20_1.3942_gt_1.1500;block_median_ratio_1.3928_gt_1.1000;drift_-0.2183_gt_0.0300;severe_block_median_ratio_1.3928_gt_1.2500;severe_drift_-0.2183_gt_0.0800
picoperf	download	iouring	throughput_gbps				0.000000	0.000000	0.000000	0.000000	0.000000	0.000000	0	not_ready	not_ready	no_ready_rows;t1:p50_ci_width_0.0420_gt_0.0300;block_median_ratio_1.1181_gt_1.1000;persistent_block_median_ratio_recent_1.1067_gt_1.1000
picoperf	download	syscall	throughput_gbps	1	1	2	1.000000	6.840698	6.840698	1.000000	1.000000	1.000000	0	not_ready	not_ready	sentinels_0_lt_2;t2:p50_ci_width_0.0317_gt_0.0300;block_median_ratio_1.1024_gt_1.1000;drift_0.0306_gt_0.0300;persistent_drift_0.0306_gt_0.0300
picoperf	flow_control	iouring	throughput_gbps				0.000000	0.000000	0.000000	0.000000	0.000000	0.000000	0	not_ready	not_ready	no_ready_rows;t1:outliers_2;severe_outlier_blocks_2_gte_2
picoperf	flow_control	syscall	throughput_gbps				0.000000	0.000000	0.000000	0.000000	0.000000	0.000000	0	not_ready	not_ready	no_ready_rows;t1:p50_ci_width_0.0562_gt_0.0500;outliers_2;severe_outlier_blocks_2_gte_2
picoperf	loss_recovery	iouring	throughput_gbps				0.000000	0.000000	0.000000	0.000000	0.000000	0.000000	0	not_ready	not_ready	no_ready_rows;t1:p50_ci_width_0.1812_gt_0.0800;p80_p20_1.2430_gt_1.1500;block_median_ratio_1.2743_gt_1.1000;drift_-0.0655_gt_0.0300;severe_block_median_ratio_1.2743_gt_1.2500
picoperf	loss_recovery	syscall	throughput_gbps				0.000000	0.000000	0.000000	0.000000	0.000000	0.000000	0	not_ready	not_ready	no_ready_rows;t1:p50_ci_width_0.1749_gt_0.0800;p80_p20_1.3572_gt_1.1500;block_median_ratio_1.2342_gt_1.1000;drift_0.1976_gt_0.0300;severe_drift_0.1976_gt_0.0800
picoperf	multistream_download	iouring	throughput_gbps				0.000000	0.000000	0.000000	0.000000	0.000000	0.000000	0	not_ready	not_ready	no_ready_rows;t1:p50_ci_width_0.1739_gt_0.0300;p80_p20_1.4242_gt_1.1500;block_median_ratio_1.2509_gt_1.1000;drift_0.0877_gt_0.0300;severe_block_median_ratio_1.2509_gt_1.2500;severe_drift_0.0877_gt_0.0800
picoperf	multistream_download	syscall	throughput_gbps				0.000000	0.000000	0.000000	0.000000	0.000000	0.000000	0	not_ready	not_ready	no_ready_rows;t1:p50_ci_width_0.1361_gt_0.0300;p80_p20_1.3250_gt_1.1500;block_median_ratio_1.2648_gt_1.1000;severe_block_median_ratio_1.2648_gt_1.2500
picoperf	multistream_upload	iouring	throughput_gbps				0.000000	0.000000	0.000000	0.000000	0.000000	0.000000	0	not_ready	not_ready	no_ready_rows;t1:p50_ci_width_0.2859_gt_0.0300;p80_p20_1.3964_gt_1.1500;block_median_ratio_1.3870_gt_1.1000;drift_-0.2561_gt_0.0300;severe_block_median_ratio_1.3870_gt_1.2500;severe_drift_-0.2561_gt_0.0800
picoperf	multistream_upload	syscall	throughput_gbps				0.000000	0.000000	0.000000	0.000000	0.000000	0.000000	0	not_ready	not_ready	no_ready_rows;t1:p50_ci_width_0.2463_gt_0.0300;p80_p20_1.3329_gt_1.1500;block_median_ratio_1.3314_gt_1.1000;drift_-0.0772_gt_0.0300;severe_block_median_ratio_1.3314_gt_1.2500
picoperf	reqresp	iouring	requests_per_second	1	1	2	1.000000	213560.392134	213560.392134	1.000000	1.000000	1.000000	0	not_ready	not_ready	sentinels_0_lt_2;t2:outliers_2;severe_outlier_blocks_2_gte_2
picoperf	reqresp	syscall	requests_per_second	2	2	3	1.000000	260743.987654	260743.987654	1.000000	1.000000	1.000000	0	not_ready	not_ready	sentinels_0_lt_2;t3:p50_ci_width_0.0778_gt_0.0500;block_median_ratio_1.1128_gt_1.1000;drift_-0.0310_gt_0.0300;persistent_drift_-0.0310_gt_0.0300
picoperf	small_payload_pps	iouring	messages_per_second				0.000000	0.000000	0.000000	0.000000	0.000000	0.000000	0	not_ready	not_ready	no_ready_rows;t1:outliers_1;persistent_outliers_1
picoperf	small_payload_pps	syscall	messages_per_second				0.000000	0.000000	0.000000	0.000000	0.000000	0.000000	0	not_ready	not_ready	no_ready_rows;t1:p50_ci_width_0.1058_gt_0.0500;p80_p20_1.2387_gt_1.1500;block_median_ratio_1.2131_gt_1.1000;drift_0.0337_gt_0.0300;persistent_block_median_ratio_recent_1.1973_gt_1.1000;persistent_p80_p20_recent_1.2187_gt_1.1500;persistent_drift_0.0337_gt_0.0300
picoperf	stream_churn	iouring	streams_per_second	3	3	4	1.000000	610128.671017	610128.671017	1.000000	1.000000	1.000000	0	not_ready	not_ready	sentinels_0_lt_2;t4:outliers_1;persistent_outliers_1
picoperf	stream_churn	syscall	streams_per_second				0.000000	0.000000	0.000000	0.000000	0.000000	0.000000	0	not_ready	not_ready	no_ready_rows;t1:p80_p20_1.2339_gt_1.1500;block_median_ratio_1.2411_gt_1.1000;outliers_4;severe_outlier_blocks_3_gte_2
picoperf	upload	iouring	throughput_gbps				0.000000	0.000000	0.000000	0.000000	0.000000	0.000000	0	not_ready	not_ready	no_ready_rows;t1:p50_ci_width_0.0336_gt_0.0300;drift_0.0468_gt_0.0300;persistent_drift_0.0468_gt_0.0300
picoperf	upload	syscall	throughput_gbps				0.000000	0.000000	0.000000	0.000000	0.000000	0.000000	0	not_ready	not_ready	no_ready_rows;t1:p50_ci_width_0.0769_gt_0.0300;block_median_ratio_1.2417_gt_1.1000;drift_-0.0545_gt_0.0300;persistent_block_median_ratio_recent_1.1756_gt_1.1000;persistent_drift_-0.0545_gt_0.0300
quicheperf	bidi	iouring	throughput_gbps				0.000000	0.000000	0.000000	0.000000	0.000000	0.000000	0	not_ready	not_ready	no_ready_rows;t1:p50_ci_width_0.1542_gt_0.0300;p80_p20_1.2336_gt_1.1500;block_median_ratio_1.2683_gt_1.1000;drift_0.0968_gt_0.0300;severe_block_median_ratio_1.2683_gt_1.2500;severe_drift_0.0968_gt_0.0800
quicheperf	bidi	syscall	throughput_gbps				0.000000	0.000000	0.000000	0.000000	0.000000	0.000000	0	not_ready	not_ready	no_ready_rows;t1:p50_ci_width_0.0376_gt_0.0300;p80_p20_1.1641_gt_1.1500;block_median_ratio_1.1525_gt_1.1000;persistent_p80_p20_recent_1.1743_gt_1.1500
quicheperf	close_reset_cleanup	iouring	streams_per_second	1	1	2	1.000000	78221.487649	78221.487649	1.000000	1.000000	1.000000	0	not_ready	not_ready	sentinels_0_lt_2;t2:p50_ci_width_0.1075_gt_0.0500;block_median_ratio_1.1408_gt_1.1000;drift_0.1023_gt_0.0300;severe_drift_0.1023_gt_0.0800
quicheperf	close_reset_cleanup	syscall	streams_per_second	1	1	2	1.000000	87174.057428	87174.057428	1.000000	1.000000	1.000000	0	not_ready	not_ready	sentinels_0_lt_2;t2:p50_ci_width_0.0902_gt_0.0500;p80_p20_1.1697_gt_1.1500;block_median_ratio_1.1369_gt_1.1000;drift_0.0594_gt_0.0300;persistent_block_median_ratio_recent_1.1226_gt_1.1000;persistent_p80_p20_recent_1.1705_gt_1.1500;persistent_drift_0.0594_gt_0.0300
quicheperf	connect	iouring	connections_per_second	1	1	2	1.000000	1227.558252	1227.558252	1.000000	1.000000	1.000000	0	not_ready	not_ready	sentinels_0_lt_2;t2:p50_ci_width_0.1188_gt_0.0500;p80_p20_1.3504_gt_1.1500;block_median_ratio_1.2457_gt_1.1000;drift_0.0538_gt_0.0300;persistent_block_median_ratio_recent_1.2283_gt_1.1000;persistent_p80_p20_recent_1.3635_gt_1.1500;persistent_drift_0.0538_gt_0.0300
quicheperf	connect	syscall	connections_per_second				0.000000	0.000000	0.000000	0.000000	0.000000	0.000000	0	not_ready	not_ready	no_ready_rows;t1:p50_ci_width_0.1318_gt_0.0500;p80_p20_1.2176_gt_1.1500;block_median_ratio_1.1672_gt_1.1000;drift_0.1540_gt_0.0300;severe_drift_0.1540_gt_0.0800
quicheperf	download	iouring	throughput_gbps				0.000000	0.000000	0.000000	0.000000	0.000000	0.000000	0	not_ready	not_ready	no_ready_rows;t1:p50_ci_width_0.0595_gt_0.0300;drift_-0.0529_gt_0.0300;persistent_drift_-0.0529_gt_0.0300
quicheperf	download	syscall	throughput_gbps	2	2	3	1.000000	8.322591	8.322591	1.000000	1.000000	1.000000	0	not_ready	not_ready	sentinels_0_lt_2;t3:drift_0.0315_gt_0.0300;persistent_drift_0.0315_gt_0.0300
quicheperf	flow_control	iouring	throughput_gbps				0.000000	0.000000	0.000000	0.000000	0.000000	0.000000	0	not_ready	not_ready	no_ready_rows;t1:p50_ci_width_0.0664_gt_0.0500;block_median_ratio_1.2350_gt_1.1000;outliers_6;severe_outlier_blocks_3_gte_2
quicheperf	flow_control	syscall	throughput_gbps				0.000000	0.000000	0.000000	0.000000	0.000000	0.000000	0	not_ready	not_ready	no_ready_rows;t1:outliers_3;severe_outlier_blocks_3_gte_2
quicheperf	loss_recovery	iouring	throughput_gbps				0.000000	0.000000	0.000000	0.000000	0.000000	0.000000	0	not_ready	not_ready	no_ready_rows;t1:p50_ci_width_0.1279_gt_0.0800;p80_p20_1.2023_gt_1.1500;block_median_ratio_1.2043_gt_1.1000;drift_0.0801_gt_0.0300;severe_drift_0.0801_gt_0.0800
quicheperf	loss_recovery	syscall	throughput_gbps				0.000000	0.000000	0.000000	0.000000	0.000000	0.000000	0	not_ready	not_ready	no_ready_rows;t1:p50_ci_width_0.1290_gt_0.0800;p80_p20_1.1929_gt_1.1500;block_median_ratio_1.1901_gt_1.1000;drift_-0.0895_gt_0.0300;severe_drift_-0.0895_gt_0.0800
quicheperf	multistream_download	iouring	throughput_gbps				0.000000	0.000000	0.000000	0.000000	0.000000	0.000000	0	not_ready	not_ready	no_ready_rows;t1:p50_ci_width_0.1348_gt_0.0300;p80_p20_1.2689_gt_1.1500;block_median_ratio_1.2603_gt_1.1000;drift_0.1313_gt_0.0300;severe_block_median_ratio_1.2603_gt_1.2500;severe_drift_0.1313_gt_0.0800
quicheperf	multistream_download	syscall	throughput_gbps				0.000000	0.000000	0.000000	0.000000	0.000000	0.000000	0	not_ready	not_ready	no_ready_rows;t1:p50_ci_width_0.1062_gt_0.0300;p80_p20_1.1848_gt_1.1500;block_median_ratio_1.1645_gt_1.1000;drift_0.1217_gt_0.0300;severe_drift_0.1217_gt_0.0800
quicheperf	multistream_upload	iouring	throughput_gbps				0.000000	0.000000	0.000000	0.000000	0.000000	0.000000	0	not_ready	not_ready	no_ready_rows;t1:p50_ci_width_0.1775_gt_0.0300;p80_p20_1.4361_gt_1.1500;block_median_ratio_1.4180_gt_1.1000;severe_block_median_ratio_1.4180_gt_1.2500
quicheperf	multistream_upload	syscall	throughput_gbps				0.000000	0.000000	0.000000	0.000000	0.000000	0.000000	0	not_ready	not_ready	no_ready_rows;t1:p50_ci_width_0.0703_gt_0.0300;p80_p20_1.1915_gt_1.1500;block_median_ratio_1.1514_gt_1.1000;persistent_block_median_ratio_recent_1.1514_gt_1.1000;persistent_p80_p20_recent_1.1757_gt_1.1500
quicheperf	reqresp	iouring	requests_per_second	1	1	2	1.000000	74601.866594	74601.866594	1.000000	1.000000	1.000000	0	not_ready	not_ready	sentinels_0_lt_2;t2:p50_ci_width_0.0572_gt_0.0500;block_median_ratio_1.1272_gt_1.1000;persistent_block_median_ratio_recent_1.1009_gt_1.1000
quicheperf	reqresp	syscall	requests_per_second	1	1	2	1.000000	84101.978115	84101.978115	1.000000	1.000000	1.000000	0	not_ready	not_ready	sentinels_0_lt_2;t2:p50_ci_width_0.0821_gt_0.0500;block_median_ratio_1.1664_gt_1.1000;persistent_block_median_ratio_recent_1.1440_gt_1.1000
quicheperf	small_payload_pps	iouring	messages_per_second	1	1	2	1.000000	75743.168821	75743.168821	1.000000	1.000000	1.000000	0	not_ready	not_ready	sentinels_0_lt_2;t2:p50_ci_width_0.0858_gt_0.0500;block_median_ratio_1.1842_gt_1.1000;drift_0.0427_gt_0.0300;persistent_block_median_ratio_recent_1.1842_gt_1.1000;persistent_drift_0.0427_gt_0.0300
quicheperf	small_payload_pps	syscall	messages_per_second	3	3	4	1.000000	138047.999484	138047.999484	1.000000	1.000000	1.000000	0	not_ready	not_ready	sentinels_0_lt_2;t4:block_median_ratio_1.1250_gt_1.1000;outliers_1;persistent_outliers_1
quicheperf	stream_churn	iouring	streams_per_second	1	1	2	1.000000	75763.053864	75763.053864	1.000000	1.000000	1.000000	0	not_ready	not_ready	sentinels_0_lt_2;t2:p50_ci_width_0.0874_gt_0.0500;block_median_ratio_1.1160_gt_1.1000;persistent_block_median_ratio_recent_1.1160_gt_1.1000
quicheperf	stream_churn	syscall	streams_per_second	1	1	2	1.000000	87364.999107	87364.999107	1.000000	1.000000	1.000000	0	not_ready	not_ready	sentinels_0_lt_2;t2:p50_ci_width_0.0824_gt_0.0500;block_median_ratio_1.1538_gt_1.1000;drift_0.0513_gt_0.0300;persistent_block_median_ratio_recent_1.1341_gt_1.1000;persistent_drift_0.0513_gt_0.0300
quicheperf	upload	iouring	throughput_gbps				0.000000	0.000000	0.000000	0.000000	0.000000	0.000000	0	not_ready	not_ready	no_ready_rows;t1:p50_ci_width_0.0783_gt_0.0300;block_median_ratio_1.1883_gt_1.1000;drift_0.0346_gt_0.0300;persistent_block_median_ratio_recent_1.1571_gt_1.1000;persistent_drift_0.0346_gt_0.0300
quicheperf	upload	syscall	throughput_gbps				0.000000	0.000000	0.000000	0.000000	0.000000	0.000000	0	not_ready	not_ready	no_ready_rows;t1:p50_ci_width_0.0685_gt_0.0300;block_median_ratio_1.1719_gt_1.1000;drift_-0.0408_gt_0.0300;persistent_block_median_ratio_recent_1.1551_gt_1.1000;persistent_drift_-0.0408_gt_0.0300
quiczigperf	bidi	iouring	throughput_gbps				0.000000	0.000000	0.000000	0.000000	0.000000	0.000000	0	not_ready	not_ready	no_ready_rows;t1:p50_ci_width_0.0316_gt_0.0300;block_median_ratio_1.1351_gt_1.1000;persistent_block_median_ratio_recent_1.1351_gt_1.1000
quiczigperf	bidi	syscall	throughput_gbps				0.000000	0.000000	0.000000	0.000000	0.000000	0.000000	0	not_ready	not_ready	no_ready_rows;t1:p50_ci_width_0.0390_gt_0.0300;block_median_ratio_1.1326_gt_1.1000;drift_0.0307_gt_0.0300;persistent_drift_0.0307_gt_0.0300
quiczigperf	close_reset_cleanup	iouring	streams_per_second	1	1	3	1.000000	17153.708090	17153.708090	1.000000	1.000000	1.000000	2	ok	ready	-
quiczigperf	close_reset_cleanup	syscall	streams_per_second	1	1	3	1.000000	18225.880855	18225.880855	1.000000	1.000000	1.000000	2	ok	ready	-
quiczigperf	connect	iouring	connections_per_second				0.000000	0.000000	0.000000	0.000000	0.000000	0.000000	0	not_ready	not_ready	no_ready_rows;t1:block_median_ratio_1.2725_gt_1.1000;outliers_2;severe_block_median_ratio_1.2725_gt_1.2500;severe_outlier_blocks_2_gte_2
quiczigperf	connect	syscall	connections_per_second	1	1	2	1.000000	1045.308369	1045.308369	1.000000	1.000000	1.000000	0	not_ready	not_ready	sentinels_0_lt_2;t2:p50_ci_width_0.1653_gt_0.0500;p80_p20_1.3781_gt_1.1500;block_median_ratio_1.2992_gt_1.1000;drift_0.1299_gt_0.0300;severe_block_median_ratio_1.2992_gt_1.2500;severe_drift_0.1299_gt_0.0800
quiczigperf	download	iouring	throughput_gbps				0.000000	0.000000	0.000000	0.000000	0.000000	0.000000	0	not_ready	not_ready	no_ready_rows;t1:p50_ci_width_0.0371_gt_0.0300;block_median_ratio_1.1516_gt_1.1000;drift_0.0306_gt_0.0300;persistent_drift_0.0306_gt_0.0300
quiczigperf	download	syscall	throughput_gbps	2	2	4	1.000000	7.016787	7.016787	1.000000	1.000000	1.000000	2	ok	ready	-
quiczigperf	flow_control	iouring	throughput_gbps				0.000000	0.000000	0.000000	0.000000	0.000000	0.000000	0	not_ready	not_ready	no_ready_rows;t1:p50_ci_width_0.8046_gt_0.0500;p80_p20_2.6236_gt_1.1500;block_median_ratio_2.6347_gt_1.1000;drift_0.1581_gt_0.0300;severe_block_median_ratio_2.6347_gt_1.2500;severe_p80_p20_2.6236_gt_1.5000;severe_drift_0.1581_gt_0.0800
quiczigperf	flow_control	syscall	throughput_gbps				0.000000	0.000000	0.000000	0.000000	0.000000	0.000000	0	not_ready	not_ready	no_ready_rows;t1:p50_ci_width_2.1484_gt_0.0500;p80_p20_5.5632_gt_1.1500;block_median_ratio_4.6510_gt_1.1000;drift_0.6405_gt_0.0300;severe_block_median_ratio_4.6510_gt_1.2500;severe_p80_p20_5.5632_gt_1.5000;severe_drift_0.6405_gt_0.0800
quiczigperf	loss_recovery	iouring	throughput_gbps				0.000000	0.000000	0.000000	0.000000	0.000000	0.000000	0	not_ready	not_ready	no_ready_rows;t1:p50_ci_width_0.1223_gt_0.0800;p80_p20_1.3091_gt_1.1500;block_median_ratio_1.2059_gt_1.1000;drift_-0.0938_gt_0.0300;severe_drift_-0.0938_gt_0.0800
quiczigperf	loss_recovery	syscall	throughput_gbps				0.000000	0.000000	0.000000	0.000000	0.000000	0.000000	0	not_ready	not_ready	no_ready_rows;t1:p80_p20_1.2312_gt_1.1500;block_median_ratio_1.2844_gt_1.1000;severe_block_median_ratio_1.2844_gt_1.2500
quiczigperf	multistream_download	iouring	throughput_gbps				0.000000	0.000000	0.000000	0.000000	0.000000	0.000000	0	not_ready	not_ready	no_ready_rows;t1:p50_ci_width_0.0686_gt_0.0300;p80_p20_1.2335_gt_1.1500;block_median_ratio_1.1827_gt_1.1000;persistent_block_median_ratio_recent_1.1697_gt_1.1000;persistent_p80_p20_recent_1.2012_gt_1.1500
quiczigperf	multistream_download	syscall	throughput_gbps				0.000000	0.000000	0.000000	0.000000	0.000000	0.000000	0	not_ready	not_ready	no_ready_rows;t1:p50_ci_width_0.0499_gt_0.0300;p80_p20_1.1747_gt_1.1500;block_median_ratio_1.2559_gt_1.1000;severe_block_median_ratio_1.2559_gt_1.2500
quiczigperf	multistream_upload	iouring	throughput_gbps				0.000000	0.000000	0.000000	0.000000	0.000000	0.000000	0	not_ready	not_ready	no_ready_rows;t1:p50_ci_width_0.1441_gt_0.0300;p80_p20_1.2276_gt_1.1500;block_median_ratio_1.2455_gt_1.1000;drift_0.0900_gt_0.0300;severe_drift_0.0900_gt_0.0800
quiczigperf	multistream_upload	syscall	throughput_gbps				0.000000	0.000000	0.000000	0.000000	0.000000	0.000000	0	not_ready	not_ready	no_ready_rows;t1:p50_ci_width_0.0763_gt_0.0300;p80_p20_1.2032_gt_1.1500;block_median_ratio_1.2224_gt_1.1000;persistent_block_median_ratio_recent_1.2224_gt_1.1000;persistent_p80_p20_recent_1.2312_gt_1.1500
quiczigperf	reqresp	iouring	requests_per_second	1	1	3	1.000000	16838.082838	16838.082838	1.000000	1.000000	1.000000	1	not_ready	not_ready	sentinels_1_lt_2;t3:block_median_ratio_1.1557_gt_1.1000;outliers_1;persistent_outliers_1
quiczigperf	reqresp	syscall	requests_per_second	1	1	3	1.000000	17759.073467	17759.073467	1.000000	1.000000	1.000000	1	not_ready	not_ready	sentinels_1_lt_2;t3:block_median_ratio_1.1607_gt_1.1000;outliers_1;persistent_outliers_1
quiczigperf	small_payload_pps	iouring	messages_per_second	1	1	3	1.000000	17191.341064	17191.341064	1.000000	1.000000	1.000000	2	ok	ready	-
quiczigperf	small_payload_pps	syscall	messages_per_second	1	1	3	1.000000	17985.014198	17985.014198	1.000000	1.000000	1.000000	1	not_ready	not_ready	sentinels_1_lt_2;t3:block_median_ratio_1.1301_gt_1.1000;outliers_1;persistent_outliers_1
quiczigperf	stream_churn	iouring	streams_per_second	1	1	3	1.000000	17186.117717	17186.117717	1.000000	1.000000	1.000000	2	ok	ready	-
quiczigperf	stream_churn	syscall	streams_per_second	1	1	3	1.000000	17972.960125	17972.960125	1.000000	1.000000	1.000000	1	not_ready	not_ready	sentinels_1_lt_2;t3:block_median_ratio_1.1575_gt_1.1000
quiczigperf	upload	iouring	throughput_gbps				0.000000	0.000000	0.000000	0.000000	0.000000	0.000000	0	not_ready	not_ready	no_ready_rows;t1:p50_ci_width_0.0376_gt_0.0300;block_median_ratio_1.1661_gt_1.1000;persistent_block_median_ratio_recent_1.1661_gt_1.1000
quiczigperf	upload	syscall	throughput_gbps				0.000000	0.000000	0.000000	0.000000	0.000000	0.000000	0	not_ready	not_ready	no_ready_rows;t1:p50_ci_width_0.0530_gt_0.0300;block_median_ratio_1.1079_gt_1.1000;persistent_block_median_ratio_recent_1.1079_gt_1.1000
quinnperf	bidi	iouring	throughput_gbps	2	2	4	1.000000	3.377054	3.377054	1.000000	1.000000	1.000000	2	ok	ready	-
quinnperf	bidi	syscall	throughput_gbps				0.000000	0.000000	0.000000	0.000000	0.000000	0.000000	0	not_ready	not_ready	no_ready_rows;t1:p50_ci_width_0.0535_gt_0.0300;p80_p20_1.1837_gt_1.1500;block_median_ratio_1.1427_gt_1.1000;persistent_p80_p20_recent_1.1601_gt_1.1500
quinnperf	close_reset_cleanup	iouring	streams_per_second	1	1	2	1.000000	52595.215028	52595.215028	1.000000	1.000000	1.000000	0	not_ready	not_ready	sentinels_0_lt_2;t2:block_median_ratio_1.1450_gt_1.1000;outliers_1;persistent_outliers_1
quinnperf	close_reset_cleanup	syscall	streams_per_second	1	1	2	1.000000	62602.360148	62602.360148	1.000000	1.000000	1.000000	0	not_ready	not_ready	sentinels_0_lt_2;t2:block_median_ratio_1.1255_gt_1.1000;drift_0.0442_gt_0.0300;outliers_1;persistent_block_median_ratio_recent_1.1127_gt_1.1000;persistent_drift_0.0442_gt_0.0300;persistent_outliers_1
quinnperf	connect	iouring	connections_per_second				0.000000	0.000000	0.000000	0.000000	0.000000	0.000000	0	not_ready	not_ready	no_ready_rows;t1:p80_p20_1.2115_gt_1.1500;block_median_ratio_1.2662_gt_1.1000;severe_block_median_ratio_1.2662_gt_1.2500
quinnperf	connect	syscall	connections_per_second				0.000000	0.000000	0.000000	0.000000	0.000000	0.000000	0	not_ready	not_ready	no_ready_rows;t1:p80_p20_1.2512_gt_1.1500;block_median_ratio_1.2430_gt_1.1000;persistent_p80_p20_recent_1.2351_gt_1.1500
quinnperf	download	iouring	throughput_gbps				0.000000	0.000000	0.000000	0.000000	0.000000	0.000000	0	not_ready	not_ready	no_ready_rows;t1:drift_-0.0402_gt_0.0300;persistent_drift_-0.0402_gt_0.0300
quinnperf	download	syscall	throughput_gbps				0.000000	0.000000	0.000000	0.000000	0.000000	0.000000	0	not_ready	not_ready	no_ready_rows;t1:block_median_ratio_1.1117_gt_1.1000;persistent_block_median_ratio_recent_1.1003_gt_1.1000
quinnperf	flow_control	iouring	throughput_gbps				0.000000	0.000000	0.000000	0.000000	0.000000	0.000000	0	not_ready	not_ready	no_ready_rows;t1:p80_p20_1.1915_gt_1.1500;persistent_p80_p20_recent_1.5266_gt_1.1500
quinnperf	flow_control	syscall	throughput_gbps				0.000000	0.000000	0.000000	0.000000	0.000000	0.000000	0	not_ready	not_ready	no_ready_rows;t1:p50_ci_width_0.0626_gt_0.0500;p80_p20_1.5411_gt_1.1500;block_median_ratio_1.5382_gt_1.1000;drift_-0.0658_gt_0.0300;severe_block_median_ratio_1.5382_gt_1.2500;severe_p80_p20_1.5411_gt_1.5000
quinnperf	loss_recovery	iouring	throughput_gbps	1	1	2	1.000000	3.068566	3.068566	1.000000	1.000000	1.000000	0	not_ready	not_ready	sentinels_0_lt_2;t2:block_median_ratio_1.1558_gt_1.1000;drift_0.0359_gt_0.0300;persistent_block_median_ratio_recent_1.1365_gt_1.1000;persistent_drift_0.0359_gt_0.0300
quinnperf	loss_recovery	syscall	throughput_gbps				0.000000	0.000000	0.000000	0.000000	0.000000	0.000000	0	not_ready	not_ready	no_ready_rows;t1:p50_ci_width_0.0822_gt_0.0800;block_median_ratio_1.1606_gt_1.1000;drift_0.0345_gt_0.0300;persistent_block_median_ratio_recent_1.1409_gt_1.1000;persistent_drift_0.0345_gt_0.0300
quinnperf	multistream_download	iouring	throughput_gbps	2	2	4	1.000000	3.860417	3.860417	1.000000	1.000000	1.000000	2	ok	ready	-
quinnperf	multistream_download	syscall	throughput_gbps				0.000000	0.000000	0.000000	0.000000	0.000000	0.000000	0	not_ready	not_ready	no_ready_rows;t1:p50_ci_width_0.0935_gt_0.0300;block_median_ratio_1.1429_gt_1.1000;drift_0.0405_gt_0.0300;persistent_block_median_ratio_recent_1.1211_gt_1.1000;persistent_drift_0.0405_gt_0.0300
quinnperf	multistream_upload	iouring	throughput_gbps				0.000000	0.000000	0.000000	0.000000	0.000000	0.000000	0	not_ready	not_ready	no_ready_rows;t1:p50_ci_width_0.0501_gt_0.0300;drift_0.0419_gt_0.0300;persistent_drift_0.0419_gt_0.0300
quinnperf	multistream_upload	syscall	throughput_gbps				0.000000	0.000000	0.000000	0.000000	0.000000	0.000000	0	not_ready	not_ready	no_ready_rows;t1:p50_ci_width_0.0626_gt_0.0300;drift_-0.0327_gt_0.0300;persistent_drift_-0.0327_gt_0.0300
quinnperf	reqresp	iouring	requests_per_second	1	1	2	1.000000	51683.540655	51683.540655	1.000000	1.000000	1.000000	0	not_ready	not_ready	sentinels_0_lt_2;t2:p50_ci_width_0.0868_gt_0.0500;block_median_ratio_1.1398_gt_1.1000;drift_0.0539_gt_0.0300;persistent_block_median_ratio_recent_1.1366_gt_1.1000;persistent_drift_0.0539_gt_0.0300
quinnperf	reqresp	syscall	requests_per_second	2	2	3	1.000000	66512.561798	66512.561798	1.000000	1.000000	1.000000	0	not_ready	not_ready	sentinels_0_lt_2;t3:p80_p20_1.1679_gt_1.1500;block_median_ratio_1.1538_gt_1.1000;persistent_block_median_ratio_recent_1.1538_gt_1.1000;persistent_p80_p20_recent_1.1595_gt_1.1500
quinnperf	small_payload_pps	iouring	messages_per_second				0.000000	0.000000	0.000000	0.000000	0.000000	0.000000	0	not_ready	not_ready	no_ready_rows;t1:outliers_2;severe_outlier_blocks_2_gte_2
quinnperf	small_payload_pps	syscall	messages_per_second				0.000000	0.000000	0.000000	0.000000	0.000000	0.000000	0	not_ready	not_ready	no_ready_rows;t1:outliers_1;persistent_outliers_1
quinnperf	stream_churn	iouring	streams_per_second				0.000000	0.000000	0.000000	0.000000	0.000000	0.000000	0	not_ready	not_ready	no_ready_rows;t1:outliers_3;severe_outlier_blocks_2_gte_2
quinnperf	stream_churn	syscall	streams_per_second				0.000000	0.000000	0.000000	0.000000	0.000000	0.000000	0	not_ready	not_ready	no_ready_rows;t1:outliers_1;persistent_outliers_1
quinnperf	upload	iouring	throughput_gbps	1	1	3	1.000000	3.316395	3.316395	1.000000	1.000000	1.000000	2	ok	ready	-
quinnperf	upload	syscall	throughput_gbps	1	1	3	1.000000	3.936563	3.936563	1.000000	1.000000	1.000000	2	ok	ready	-
s2nperf	bidi	iouring	throughput_gbps	1	1	2	1.000000	3.768669	3.768669	1.000000	1.000000	1.000000	0	not_ready	not_ready	sentinels_0_lt_2;t2:outliers_2;severe_outlier_blocks_2_gte_2
s2nperf	bidi	syscall	throughput_gbps	2	2	3	1.000000	4.755380	4.755380	1.000000	1.000000	1.000000	0	not_ready	not_ready	sentinels_0_lt_2;t3:block_median_ratio_1.1427_gt_1.1000
s2nperf	close_reset_cleanup	iouring	streams_per_second	5	5	7	1.000000	44405.060139	44405.060139	1.000000	1.000000	1.000000	2	ok	ready	-
s2nperf	close_reset_cleanup	syscall	streams_per_second	5	5	7	1.000000	49705.122189	49705.122189	1.000000	1.000000	1.000000	2	ok	ready	-
s2nperf	connect	iouring	connections_per_second				0.000000	0.000000	0.000000	0.000000	0.000000	0.000000	0	not_ready	not_ready	no_ready_rows;t1:p50_ci_width_0.1838_gt_0.0500;p80_p20_1.2242_gt_1.1500;block_median_ratio_1.2312_gt_1.1000;drift_0.1165_gt_0.0300;severe_drift_0.1165_gt_0.0800
s2nperf	connect	syscall	connections_per_second				0.000000	0.000000	0.000000	0.000000	0.000000	0.000000	0	not_ready	not_ready	no_ready_rows;t1:p80_p20_1.2345_gt_1.1500;persistent_p80_p20_recent_1.2365_gt_1.1500
s2nperf	download	iouring	throughput_gbps				0.000000	0.000000	0.000000	0.000000	0.000000	0.000000	0	not_ready	not_ready	no_ready_rows;t1:block_median_ratio_1.1518_gt_1.1000
s2nperf	download	syscall	throughput_gbps	1	1	2	1.000000	3.374366	3.374366	1.000000	1.000000	1.000000	0	not_ready	not_ready	sentinels_0_lt_2;t2:p50_ci_width_0.2654_gt_0.0300;p80_p20_1.5609_gt_1.1500;block_median_ratio_1.5965_gt_1.1000;drift_-0.1759_gt_0.0300;severe_block_median_ratio_1.5965_gt_1.2500;severe_p80_p20_1.5609_gt_1.5000;severe_drift_-0.1759_gt_0.0800
s2nperf	flow_control	iouring	throughput_gbps				0.000000	0.000000	0.000000	0.000000	0.000000	0.000000	0	not_ready	not_ready	no_ready_rows;t1:p50_ci_width_0.2927_gt_0.0500;p80_p20_1.5271_gt_1.1500;block_median_ratio_1.4511_gt_1.1000;drift_0.4145_gt_0.0300;severe_block_median_ratio_1.4511_gt_1.2500;severe_p80_p20_1.5271_gt_1.5000;severe_drift_0.4145_gt_0.0800
s2nperf	flow_control	syscall	throughput_gbps				0.000000	0.000000	0.000000	0.000000	0.000000	0.000000	0	not_ready	not_ready	no_ready_rows;t1:p50_ci_width_0.1563_gt_0.0500;p80_p20_1.5740_gt_1.1500;block_median_ratio_1.4038_gt_1.1000;severe_block_median_ratio_1.4038_gt_1.2500;severe_p80_p20_1.5740_gt_1.5000
s2nperf	loss_recovery	iouring	throughput_gbps				0.000000	0.000000	0.000000	0.000000	0.000000	0.000000	0	not_ready	not_ready	no_ready_rows;t1:block_median_ratio_1.1240_gt_1.1000;persistent_block_median_ratio_recent_1.1010_gt_1.1000
s2nperf	loss_recovery	syscall	throughput_gbps	1	1	2	1.000000	3.100503	3.100503	1.000000	1.000000	1.000000	0	not_ready	not_ready	sentinels_0_lt_2;t2:p50_ci_width_0.1514_gt_0.0800;p80_p20_1.3711_gt_1.1500;block_median_ratio_1.3451_gt_1.1000;drift_0.1546_gt_0.0300;severe_block_median_ratio_1.3451_gt_1.2500;severe_drift_0.1546_gt_0.0800
s2nperf	multistream_download	iouring	throughput_gbps	1	1	2	1.000000	2.880476	2.880476	1.000000	1.000000	1.000000	0	not_ready	not_ready	sentinels_0_lt_2;t2:p50_ci_width_0.1057_gt_0.0300;p80_p20_1.2575_gt_1.1500;block_median_ratio_1.1657_gt_1.1000;drift_0.0830_gt_0.0300;severe_drift_0.0830_gt_0.0800
s2nperf	multistream_download	syscall	throughput_gbps				0.000000	0.000000	0.000000	0.000000	0.000000	0.000000	0	not_ready	not_ready	no_ready_rows;t1:p50_ci_width_0.0625_gt_0.0300;block_median_ratio_1.1933_gt_1.1000;persistent_block_median_ratio_recent_1.1801_gt_1.1000
s2nperf	multistream_upload	iouring	throughput_gbps	2	2	3	1.000000	4.769279	4.769279	1.000000	1.000000	1.000000	0	not_ready	not_ready	sentinels_0_lt_2;t3:block_median_ratio_1.1515_gt_1.1000
s2nperf	multistream_upload	syscall	throughput_gbps	2	2	3	1.000000	5.238740	5.238740	1.000000	1.000000	1.000000	0	not_ready	not_ready	sentinels_0_lt_2;t3:p50_ci_width_0.0624_gt_0.0300;block_median_ratio_1.1419_gt_1.1000;drift_0.0338_gt_0.0300;persistent_block_median_ratio_recent_1.1008_gt_1.1000;persistent_drift_0.0338_gt_0.0300
s2nperf	reqresp	iouring	requests_per_second	5	5	7	1.000000	44302.620114	44302.620114	1.000000	1.000000	1.000000	2	ok	ready	-
s2nperf	reqresp	syscall	requests_per_second	5	5	7	1.000000	49355.469107	49355.469107	1.000000	1.000000	1.000000	2	ok	ready	-
s2nperf	small_payload_pps	iouring	messages_per_second	2	2	3	1.000000	40414.772456	40414.772456	1.000000	1.000000	1.000000	0	not_ready	not_ready	sentinels_0_lt_2;t3:p50_ci_width_0.0803_gt_0.0500;block_median_ratio_1.1077_gt_1.1000;drift_-0.0391_gt_0.0300;persistent_drift_-0.0391_gt_0.0300
s2nperf	small_payload_pps	syscall	messages_per_second	2	2	3	1.000000	44943.108606	44943.108606	1.000000	1.000000	1.000000	0	not_ready	not_ready	sentinels_0_lt_2;t3:block_median_ratio_1.1031_gt_1.1000
s2nperf	stream_churn	iouring	streams_per_second	5	5	7	1.000000	44668.167470	44668.167470	1.000000	1.000000	1.000000	2	ok	ready	-
s2nperf	stream_churn	syscall	streams_per_second	3	3	5	1.000000	49407.011553	49407.011553	1.000000	1.000000	1.000000	2	ok	ready	-
s2nperf	upload	iouring	throughput_gbps	7	7	9	1.000000	6.190103	6.190103	1.000000	1.000000	1.000000	2	ok	ready	-
s2nperf	upload	syscall	throughput_gbps				0.000000	0.000000	0.000000	0.000000	0.000000	0.000000	0	not_ready	not_ready	no_ready_rows;t1:p50_ci_width_0.2595_gt_0.0300;p80_p20_1.8932_gt_1.1500;block_median_ratio_1.8301_gt_1.1000;drift_0.1869_gt_0.0300;severe_block_median_ratio_1.8301_gt_1.2500;severe_p80_p20_1.8932_gt_1.5000;severe_drift_0.1869_gt_0.0800
tquicperf	bidi	iouring	throughput_gbps				0.000000	0.000000	0.000000	0.000000	0.000000	0.000000	0	not_ready	not_ready	no_ready_rows;t1:p50_ci_width_0.0829_gt_0.0300;p80_p20_1.1769_gt_1.1500;block_median_ratio_1.1712_gt_1.1000;drift_-0.0866_gt_0.0300;severe_drift_-0.0866_gt_0.0800
tquicperf	bidi	syscall	throughput_gbps				0.000000	0.000000	0.000000	0.000000	0.000000	0.000000	0	not_ready	not_ready	no_ready_rows;t1:p50_ci_width_0.0755_gt_0.0300;p80_p20_1.2136_gt_1.1500;block_median_ratio_1.1991_gt_1.1000;drift_-0.0623_gt_0.0300;persistent_p80_p20_recent_1.1681_gt_1.1500;persistent_drift_-0.0623_gt_0.0300
tquicperf	close_reset_cleanup	iouring	streams_per_second	1	1	2	1.000000	111942.987676	111942.987676	1.000000	1.000000	1.000000	0	not_ready	not_ready	sentinels_0_lt_2;t2:p50_ci_width_0.1252_gt_0.0500;p80_p20_1.1868_gt_1.1500;block_median_ratio_1.3860_gt_1.1000;drift_-0.0764_gt_0.0300;severe_block_median_ratio_1.3860_gt_1.2500
tquicperf	close_reset_cleanup	syscall	streams_per_second	3	3	4	1.000000	236585.551902	236585.551902	1.000000	1.000000	1.000000	0	not_ready	not_ready	sentinels_0_lt_2;t4:outliers_1;persistent_outliers_1
tquicperf	connect	iouring	connections_per_second				0.000000	0.000000	0.000000	0.000000	0.000000	0.000000	0	not_ready	not_ready	no_ready_rows;t1:p50_ci_width_0.1335_gt_0.0500;p80_p20_1.3226_gt_1.1500;block_median_ratio_1.2033_gt_1.1000;drift_-0.1100_gt_0.0300;severe_drift_-0.1100_gt_0.0800
tquicperf	connect	syscall	connections_per_second				0.000000	0.000000	0.000000	0.000000	0.000000	0.000000	0	not_ready	not_ready	no_ready_rows;t1:p50_ci_width_0.1048_gt_0.0500;p80_p20_1.2846_gt_1.1500;block_median_ratio_1.2123_gt_1.1000;drift_0.1099_gt_0.0300;severe_drift_0.1099_gt_0.0800
tquicperf	download	iouring	throughput_gbps	2	2	3	1.000000	6.127426	6.127426	1.000000	1.000000	1.000000	0	not_ready	not_ready	sentinels_0_lt_2;t3:p50_ci_width_0.0394_gt_0.0300;block_median_ratio_1.1380_gt_1.1000;drift_0.0430_gt_0.0300;persistent_drift_0.0430_gt_0.0300
tquicperf	download	syscall	throughput_gbps	5	5	7	1.000000	6.790228	6.790228	1.000000	1.000000	1.000000	2	ok	ready	-
tquicperf	flow_control	iouring	throughput_gbps	1	1	2	1.000000	3.151938	3.151938	1.000000	1.000000	1.000000	0	not_ready	not_ready	sentinels_0_lt_2;t2:p50_ci_width_0.0812_gt_0.0500;block_median_ratio_1.1907_gt_1.1000;persistent_block_median_ratio_recent_1.1607_gt_1.1000
tquicperf	flow_control	syscall	throughput_gbps	1	1	2	1.000000	3.337628	3.337628	1.000000	1.000000	1.000000	0	not_ready	not_ready	sentinels_0_lt_2;t2:p50_ci_width_0.1181_gt_0.0500;p80_p20_1.2182_gt_1.1500;block_median_ratio_1.2760_gt_1.1000;severe_block_median_ratio_1.2760_gt_1.2500
tquicperf	loss_recovery	iouring	throughput_gbps				0.000000	0.000000	0.000000	0.000000	0.000000	0.000000	0	not_ready	not_ready	no_ready_rows;t1:p50_ci_width_0.1194_gt_0.0800;p80_p20_1.2045_gt_1.1500;block_median_ratio_1.1713_gt_1.1000;persistent_block_median_ratio_recent_1.1713_gt_1.1000;persistent_p80_p20_recent_1.1784_gt_1.1500
tquicperf	loss_recovery	syscall	throughput_gbps				0.000000	0.000000	0.000000	0.000000	0.000000	0.000000	0	not_ready	not_ready	no_ready_rows;t1:p50_ci_width_0.0901_gt_0.0800;p80_p20_1.1883_gt_1.1500;block_median_ratio_1.1550_gt_1.1000;drift_-0.0765_gt_0.0300;persistent_drift_-0.0765_gt_0.0300
tquicperf	multistream_download	iouring	throughput_gbps				0.000000	0.000000	0.000000	0.000000	0.000000	0.000000	0	not_ready	not_ready	no_ready_rows;t1:p50_ci_width_0.0620_gt_0.0300;p80_p20_1.2288_gt_1.1500;block_median_ratio_1.1642_gt_1.1000;drift_-0.0395_gt_0.0300;persistent_block_median_ratio_recent_1.1306_gt_1.1000;persistent_p80_p20_recent_1.2667_gt_1.1500;persistent_drift_-0.0395_gt_0.0300
tquicperf	multistream_download	syscall	throughput_gbps				0.000000	0.000000	0.000000	0.000000	0.000000	0.000000	0	not_ready	not_ready	no_ready_rows;t1:p50_ci_width_0.1285_gt_0.0300;p80_p20_1.2913_gt_1.1500;block_median_ratio_1.2728_gt_1.1000;drift_-0.0891_gt_0.0300;severe_block_median_ratio_1.2728_gt_1.2500;severe_drift_-0.0891_gt_0.0800
tquicperf	multistream_upload	iouring	throughput_gbps				0.000000	0.000000	0.000000	0.000000	0.000000	0.000000	0	not_ready	not_ready	no_ready_rows;t1:p50_ci_width_0.0871_gt_0.0300;p80_p20_1.1981_gt_1.1500;block_median_ratio_1.2006_gt_1.1000;drift_0.0452_gt_0.0300;persistent_block_median_ratio_recent_1.2006_gt_1.1000;persistent_p80_p20_recent_1.1842_gt_1.1500;persistent_drift_0.0452_gt_0.0300
tquicperf	multistream_upload	syscall	throughput_gbps				0.000000	0.000000	0.000000	0.000000	0.000000	0.000000	0	not_ready	not_ready	no_ready_rows;t1:p50_ci_width_0.0650_gt_0.0300;p80_p20_1.1746_gt_1.1500;block_median_ratio_1.1571_gt_1.1000;persistent_p80_p20_recent_1.1644_gt_1.1500
tquicperf	reqresp	iouring	requests_per_second	4	4	6	1.000000	172089.905263	172089.905263	1.000000	1.000000	1.000000	2	ok	ready	-
tquicperf	reqresp	syscall	requests_per_second	2	2	3	1.000000	172004.699477	172004.699477	1.000000	1.000000	1.000000	0	not_ready	not_ready	sentinels_0_lt_2;t3:p50_ci_width_0.0654_gt_0.0500;drift_0.0310_gt_0.0300;persistent_drift_0.0310_gt_0.0300
tquicperf	small_payload_pps	iouring	messages_per_second	1	1	2	1.000000	110252.628625	110252.628625	1.000000	1.000000	1.000000	0	not_ready	not_ready	sentinels_0_lt_2;t2:p50_ci_width_0.1494_gt_0.0500;p80_p20_1.2588_gt_1.1500;block_median_ratio_1.2162_gt_1.1000;drift_-0.1061_gt_0.0300;severe_drift_-0.1061_gt_0.0800
tquicperf	small_payload_pps	syscall	messages_per_second	2	2	3	1.000000	196135.586058	196135.586058	1.000000	1.000000	1.000000	0	not_ready	not_ready	sentinels_0_lt_2;t3:p50_ci_width_0.0611_gt_0.0500;block_median_ratio_1.1313_gt_1.1000;drift_0.0303_gt_0.0300;persistent_drift_0.0303_gt_0.0300
tquicperf	stream_churn	iouring	streams_per_second	4	4	5	1.000000	218170.353231	218170.353231	1.000000	1.000000	1.000000	0	not_ready	not_ready	sentinels_0_lt_2;t5:p50_ci_width_0.0602_gt_0.0500;block_median_ratio_1.1106_gt_1.1000;drift_-0.0405_gt_0.0300;persistent_block_median_ratio_recent_1.1106_gt_1.1000;persistent_drift_-0.0405_gt_0.0300
tquicperf	stream_churn	syscall	streams_per_second	6	6	7	1.000000	260269.495380	260269.495380	1.000000	1.000000	1.000000	0	not_ready	not_ready	sentinels_0_lt_2;t7:outliers_1;persistent_outliers_1
tquicperf	upload	iouring	throughput_gbps	2	2	4	1.000000	8.612738	8.612738	1.000000	1.000000	1.000000	2	ok	ready	-
tquicperf	upload	syscall	throughput_gbps				0.000000	0.000000	0.000000	0.000000	0.000000	0.000000	0	not_ready	not_ready	no_ready_rows;t1:p50_ci_width_0.0664_gt_0.0300;block_median_ratio_1.1506_gt_1.1000;drift_-0.0344_gt_0.0300;persistent_drift_-0.0344_gt_0.0300
xquicperf	bidi	iouring	throughput_gbps				0.000000	0.000000	0.000000	0.000000	0.000000	0.000000	0	not_ready	not_ready	no_ready_rows;t1:p50_ci_width_0.1185_gt_0.0300;p80_p20_1.2231_gt_1.1500;block_median_ratio_1.2670_gt_1.1000;drift_-0.0681_gt_0.0300;severe_block_median_ratio_1.2670_gt_1.2500
xquicperf	bidi	syscall	throughput_gbps				0.000000	0.000000	0.000000	0.000000	0.000000	0.000000	0	not_ready	not_ready	no_ready_rows;t1:p50_ci_width_0.0596_gt_0.0300;p80_p20_1.2501_gt_1.1500;block_median_ratio_1.1867_gt_1.1000;drift_0.0525_gt_0.0300;persistent_block_median_ratio_recent_1.1076_gt_1.1000;persistent_p80_p20_recent_1.1961_gt_1.1500;persistent_drift_0.0525_gt_0.0300
xquicperf	close_reset_cleanup	iouring	streams_per_second	3	3	4	1.000000	101037.200295	101037.200295	1.000000	1.000000	1.000000	0	not_ready	not_ready	sentinels_0_lt_2;t4:outliers_1;persistent_outliers_1
xquicperf	close_reset_cleanup	syscall	streams_per_second	1	1	2	1.000000	106199.655777	106199.655777	1.000000	1.000000	1.000000	0	not_ready	not_ready	sentinels_0_lt_2;t2:outliers_2;severe_outlier_blocks_2_gte_2
xquicperf	connect	iouring	connections_per_second				0.000000	0.000000	0.000000	0.000000	0.000000	0.000000	0	not_ready	not_ready	no_ready_rows;t1:p50_ci_width_0.1202_gt_0.0500;p80_p20_1.2059_gt_1.1500;block_median_ratio_1.2021_gt_1.1000;persistent_block_median_ratio_recent_1.1583_gt_1.1000;persistent_p80_p20_recent_1.2117_gt_1.1500
xquicperf	connect	syscall	connections_per_second				0.000000	0.000000	0.000000	0.000000	0.000000	0.000000	0	not_ready	not_ready	no_ready_rows;t1:p50_ci_width_0.0968_gt_0.0500;p80_p20_1.4151_gt_1.1500;block_median_ratio_1.3077_gt_1.1000;drift_-0.0690_gt_0.0300;severe_block_median_ratio_1.3077_gt_1.2500
xquicperf	download	iouring	throughput_gbps	1	1	2	1.000000	1.780850	1.780850	1.000000	1.000000	1.000000	0	not_ready	not_ready	sentinels_0_lt_2;t2:p50_ci_width_0.2145_gt_0.0300;p80_p20_1.3508_gt_1.1500;block_median_ratio_1.4197_gt_1.1000;drift_0.1180_gt_0.0300;severe_block_median_ratio_1.4197_gt_1.2500;severe_drift_0.1180_gt_0.0800
xquicperf	download	syscall	throughput_gbps				0.000000	0.000000	0.000000	0.000000	0.000000	0.000000	0	not_ready	not_ready	no_ready_rows;t1:p50_ci_width_0.0667_gt_0.0300;p80_p20_1.2106_gt_1.1500;block_median_ratio_1.1424_gt_1.1000;persistent_p80_p20_recent_1.2019_gt_1.1500
xquicperf	flow_control	iouring	throughput_gbps	1	1	2	1.000000	3.671823	3.671823	1.000000	1.000000	1.000000	0	not_ready	not_ready	sentinels_0_lt_2;t2:p50_ci_width_0.0648_gt_0.0500;drift_0.0486_gt_0.0300;persistent_drift_0.0486_gt_0.0300
xquicperf	flow_control	syscall	throughput_gbps				0.000000	0.000000	0.000000	0.000000	0.000000	0.000000	0	not_ready	not_ready	no_ready_rows;t1:p50_ci_width_0.0874_gt_0.0500;p80_p20_1.1880_gt_1.1500;block_median_ratio_1.1873_gt_1.1000;drift_0.0633_gt_0.0300;persistent_block_median_ratio_recent_1.1796_gt_1.1000;persistent_p80_p20_recent_1.2335_gt_1.1500;persistent_drift_0.0633_gt_0.0300
xquicperf	loss_recovery	iouring	throughput_gbps				0.000000	0.000000	0.000000	0.000000	0.000000	0.000000	0	not_ready	not_ready	no_ready_rows;t1:p50_ci_width_0.1643_gt_0.0800;p80_p20_1.3125_gt_1.1500;block_median_ratio_1.2909_gt_1.1000;severe_block_median_ratio_1.2909_gt_1.2500
xquicperf	loss_recovery	syscall	throughput_gbps				0.000000	0.000000	0.000000	0.000000	0.000000	0.000000	0	not_ready	not_ready	no_ready_rows;t1:p50_ci_width_0.1682_gt_0.0800;p80_p20_1.2836_gt_1.1500;block_median_ratio_1.3186_gt_1.1000;drift_-0.0873_gt_0.0300;severe_block_median_ratio_1.3186_gt_1.2500;severe_drift_-0.0873_gt_0.0800
xquicperf	multistream_download	iouring	throughput_gbps				0.000000	0.000000	0.000000	0.000000	0.000000	0.000000	0	not_ready	not_ready	no_ready_rows;t1:p50_ci_width_0.1339_gt_0.0300;p80_p20_1.2715_gt_1.1500;block_median_ratio_1.1706_gt_1.1000;drift_-0.0910_gt_0.0300;severe_drift_-0.0910_gt_0.0800
xquicperf	multistream_download	syscall	throughput_gbps				0.000000	0.000000	0.000000	0.000000	0.000000	0.000000	0	not_ready	not_ready	no_ready_rows;t1:p50_ci_width_0.0844_gt_0.0300;p80_p20_1.2231_gt_1.1500;block_median_ratio_1.1623_gt_1.1000;persistent_block_median_ratio_recent_1.1623_gt_1.1000;persistent_p80_p20_recent_1.2171_gt_1.1500
xquicperf	multistream_upload	iouring	throughput_gbps				0.000000	0.000000	0.000000	0.000000	0.000000	0.000000	0	not_ready	not_ready	no_ready_rows;t1:p50_ci_width_0.1222_gt_0.0300;p80_p20_1.2711_gt_1.1500;block_median_ratio_1.2307_gt_1.1000;drift_-0.0840_gt_0.0300;severe_drift_-0.0840_gt_0.0800
xquicperf	multistream_upload	syscall	throughput_gbps				0.000000	0.000000	0.000000	0.000000	0.000000	0.000000	0	not_ready	not_ready	no_ready_rows;t1:p50_ci_width_0.0632_gt_0.0300;p80_p20_1.1721_gt_1.1500;block_median_ratio_1.1678_gt_1.1000;persistent_block_median_ratio_recent_1.1368_gt_1.1000;persistent_p80_p20_recent_1.1546_gt_1.1500
xquicperf	reqresp	iouring	requests_per_second	2	2	4	1.000000	95769.312370	95769.312370	1.000000	1.000000	1.000000	1	not_ready	not_ready	sentinels_1_lt_2;t4:block_median_ratio_1.1201_gt_1.1000;persistent_block_median_ratio_recent_1.1129_gt_1.1000
xquicperf	reqresp	syscall	requests_per_second	1	1	2	1.000000	102507.767197	102507.767197	1.000000	1.000000	1.000000	0	not_ready	not_ready	sentinels_0_lt_2;t2:block_median_ratio_1.1098_gt_1.1000;persistent_block_median_ratio_recent_1.1051_gt_1.1000
xquicperf	small_payload_pps	iouring	messages_per_second	2	2	3	1.000000	99234.224469	99234.224469	1.000000	1.000000	1.000000	0	not_ready	not_ready	sentinels_0_lt_2;t3:p50_ci_width_0.0550_gt_0.0500;outliers_1;persistent_outliers_1
xquicperf	small_payload_pps	syscall	messages_per_second				0.000000	0.000000	0.000000	0.000000	0.000000	0.000000	0	not_ready	not_ready	no_ready_rows;t1:drift_0.0308_gt_0.0300;persistent_drift_0.0308_gt_0.0300
xquicperf	stream_churn	iouring	streams_per_second	2	2	4	1.000000	98694.689349	98694.689349	1.000000	1.000000	1.000000	1	not_ready	not_ready	sentinels_1_lt_2;t4:p50_ci_width_0.0559_gt_0.0500;block_median_ratio_1.1415_gt_1.1000;persistent_block_median_ratio_recent_1.1415_gt_1.1000
xquicperf	stream_churn	syscall	streams_per_second	1	1	2	1.000000	106542.421513	106542.421513	1.000000	1.000000	1.000000	0	not_ready	not_ready	sentinels_0_lt_2;t2:p50_ci_width_0.0840_gt_0.0500;block_median_ratio_1.1139_gt_1.1000;persistent_block_median_ratio_recent_1.1094_gt_1.1000
xquicperf	upload	iouring	throughput_gbps				0.000000	0.000000	0.000000	0.000000	0.000000	0.000000	0	not_ready	not_ready	no_ready_rows;t1:p50_ci_width_0.0585_gt_0.0300;block_median_ratio_1.1064_gt_1.1000;persistent_block_median_ratio_recent_1.1064_gt_1.1000
xquicperf	upload	syscall	throughput_gbps				0.000000	0.000000	0.000000	0.000000	0.000000	0.000000	0	not_ready	not_ready	no_ready_rows;t1:p50_ci_width_0.1775_gt_0.0300;p80_p20_1.2919_gt_1.1500;block_median_ratio_1.2947_gt_1.1000;drift_-0.1629_gt_0.0300;severe_block_median_ratio_1.2947_gt_1.2500;severe_drift_-0.1629_gt_0.0800
